[
    {
        "type": "text",
        "text": "BERT: Pre-training of Deep Bidirectional Transformers for Language Understanding ",
        "text_level": 1,
        "page_idx": 0
    },
    {
        "type": "text",
        "text": "Jacob Devlin Ming-Wei Chang Kenton Lee Kristina Toutanova Google AI Language {jacobdevlin, mingweichang, kentonl, kristout}@google. com ",
        "page_idx": 0
    },
    {
        "type": "text",
        "text": "Abstract ",
        "text_level": 1,
        "page_idx": 0
    },
    {
        "type": "text",
        "text": "We introduce a new language representation model called BERT, which stands for Bidirectional Encoder Representations from Transformers. Unlike recent language representation models (Peters et al., 2018a; Radford et al., 2018), BERT is designed to pretrain deep bidirectional representations from unlabeled text by jointly conditioning on both left and right context in all layers. As a re-. sult, the pre-trained BERT model can be finetuned with just one additional output layer to create state-of-the-art models for a wide range of tasks, such as question answering and language inference, without substantial taskspecific architecture modifications. ",
        "page_idx": 0
    },
    {
        "type": "text",
        "text": "BERT is conceptually simple and empirically powerful. It obtains new state-of-the-art results on eleven natural language processing tasks, including pushing the GLUE score to $80.5\\%$ $7.7\\%$ point absolute improvement), MultiNLI accuracy to $86.7\\%$ $4.6\\%$ absolute improvement), SQuAD v1.1 question answering Test F1 to 93.2 (1.5 point absolute improvement) and SQuAD v2.0 Test F1 to 83.1 (5.1 point absolute improvement). ",
        "page_idx": 0
    },
    {
        "type": "text",
        "text": "1 Introduction ",
        "text_level": 1,
        "page_idx": 0
    },
    {
        "type": "text",
        "text": "Language model pre-training has been shown to be effective for improving many natural language processing tasks (Dai and Le, 2015; Peters et al., 2018a; Radford et al., 2018; Howard and Ruder, 2018). These include sentence-level tasks such as natural language inference (Bowman et al., 2015; Williams et al., 2018) and paraphrasing (Dolan and Brockett, 2005), which aim to predict the relationships between sentences by analyzing them holistically, as well as token-level tasks such as. named entity recognition and question answering, where models are required to produce fine-grained output at the token level (Tjong Kim Sang and De Meulder, 2003; Rajpurkar et al., 2016). ",
        "page_idx": 0
    },
    {
        "type": "text",
        "text": "There are two existing strategies for applying pre-trained language representations to downstream tasks: feature-based and fine-tuning. The feature-based approach, such as ELMo (Peters et al., 2018a), uses task-specific architectures that include the pre-trained representations as additional features. The fine-tuning approach, such as the Generative Pre-trained Transformer (OpenAI GPT) (Radford et al., 2018), introduces minimal task-specific parameters, and is trained on the downstream tasks by simply fine-tuning all pretrained parameters. The two approaches share the same objective function during pre-training, where they use unidirectional language models to learn general language representations. ",
        "page_idx": 0
    },
    {
        "type": "text",
        "text": "We argue that current techniques restrict the power of the pre-trained representations, especially for the fine-tuning approaches. The major limitation is that standard language models are unidirectional, and this limits the choice of architectures that can be used during pre-training. For example, in OpenAI GPT, the authors use a left-toright architecture, where every token can only attend to previous tokens in the self-attention layers of the Transformer (Vaswani et al., 2017). Such restrictions are sub-optimal for sentence-level tasks, and could be very harmful when applying finetuning based approaches to token-level tasks such as question answering, where it is crucial to incorporate context from both directions. ",
        "page_idx": 0
    },
    {
        "type": "text",
        "text": "In this paper, we improve the fine-tuning based approaches by proposing BERT: Bidirectional Encoder Representations from Transformers. BERT alleviates the previously mentioned unidirectionality constraint by using a \"masked language model' (MLM) pre-training objective, inspired by the Cloze task (Taylor, 1953). The masked language model randomly masks some of. the tokens from the input, and the objective is to predict the original vocabulary id of the masked word based only on its context. Unlike left-toright language model pre-training, the MLM objective enables the representation to fuse the left and the right context, which allows us to pre-. train a deep bidirectional Transformer. In addition to the masked language model, we also use. a \"next sentence prediction' task that jointly pre-. trains text-pair representations. The contributions of our paper are as follows:. ",
        "page_idx": 0
    },
    {
        "type": "text",
        "text": "",
        "page_idx": 1
    },
    {
        "type": "text",
        "text": ": We demonstrate the importance of bidirectional. pre-training for language representations. Unlike Radford et al. (2018), which uses unidirectional language models for pre-training, BERT uses masked language models to enable pretrained deep bidirectional representations. This is also in contrast to Peters et al. (2018a), which uses a shallow concatenation of independently trained left-to-right and right-to-left LMs. ",
        "page_idx": 1
    },
    {
        "type": "text",
        "text": ": We show that pre-trained representations reduce. the need for many heavily-engineered taskspecific architectures. BERT is the first finetuning based representation model that achieves state-of-the-art performance on a large suite of sentence-level and token-level tasks, outperforming many task-specific architectures. ",
        "page_idx": 1
    },
    {
        "type": "text",
        "text": ": BERT advances the state of the art for eleven NLP tasks. The code and pre-trained models are available at https : / /github. com/ google-research/bert. ",
        "page_idx": 1
    },
    {
        "type": "text",
        "text": "2 Related Work ",
        "text_level": 1,
        "page_idx": 1
    },
    {
        "type": "text",
        "text": "There is a long history of pre-training general language representations, and we briefly review the most widely-used approaches in this section. ",
        "page_idx": 1
    },
    {
        "type": "text",
        "text": "2.1 Unsupervised Feature-based Approaches ",
        "text_level": 1,
        "page_idx": 1
    },
    {
        "type": "text",
        "text": "Learning widely applicable representations of words has been an active area of research for decades, including non-neural (Brown et al., 1992; Ando and Zhang, 2005; Blitzer et al., 2006) and neural (Mikolov et al., 2013; Pennington et al., 2014) methods. Pre-trained word embeddings are an integral part of modern NLP systems, offering significant improvements over embeddings learned from scratch (Turian et al., 2010). To pretrain word embedding vectors, left-to-right language modeling objectives have been used (Mnih. and Hinton, 2009), as well as objectives to discriminate correct from incorrect words in left and right context (Mikolov et al., 2013). ",
        "page_idx": 1
    },
    {
        "type": "text",
        "text": "These approaches have been generalized to coarser granularities, such as sentence embeddings (Kiros et al., 2015; Logeswaran and Lee,. 2018) or paragraph embeddings (Le and Mikolov, 2014). To train sentence representations, prior work has used objectives to rank candidate next sentences (Jernite et al., 2017; Logeswaran and. Lee, 2018), left-to-right generation of next sentence words given a representation of the previous. sentence (Kiros et al., 2015), or denoising autoencoder derived objectives (Hill et al., 2016). ",
        "page_idx": 1
    },
    {
        "type": "text",
        "text": "ELMo and its predecessor (Peters et al., 2017, 2018a) generalize traditional word embedding research along a different dimension. They extract context-sensitive features from a left-to-right and a right-to-left language model. The contextual representation of each token is the concatenation of the left-to-right and right-to-left representations. When integrating contextual word embeddings with existing task-specific architectures, ELMo advances the state of the art for several major NLP benchmarks (Peters et al., 2018a) including question answering (Rajpurkar et al., 2016), sentiment analysis (Socher et al., 2013), and named entity recognition (Tjong Kim Sang and De Meulder, 2003). Melamud et al. (2016) proposed learning contextual representations through a task to predict a single word from both left and right context using LSTMs. Similar to ELMo, their model is feature-based and not deeply bidirectional. Fedus et al. (2018) shows that the cloze task can be used to improve the robustness of text generation models. ",
        "page_idx": 1
    },
    {
        "type": "text",
        "text": "2.2 Unsupervised Fine-tuning Approaches ",
        "text_level": 1,
        "page_idx": 1
    },
    {
        "type": "text",
        "text": "As with the feature-based approaches, the first works in this direction only pre-trained word em-. bedding parameters from unlabeled text (Collobert and Weston, 2008). ",
        "page_idx": 1
    },
    {
        "type": "text",
        "text": "More recently, sentence or document encoders. which produce contextual token representations have been pre-trained from unlabeled text and fine-tuned for a supervised downstream task (Dai and Le, 2015; Howard and Ruder, 2018; Radford et al., 2018). The advantage of these approaches is that few parameters need to be learned from. scratch. At least partly due to this advantage, OpenAI GPT (Radford et al., 2018) achieved previously state-of-the-art results on many sentence-. level tasks from the GLUE benchmark (Wang et al., 2018a). Left-to-right language model-. ",
        "page_idx": 1
    },
    {
        "type": "image",
        "img_path": "images/5c94cab124dd15e875d191125c469c7be73aa34996fceb5dd94f78105750d86a.jpg",
        "img_caption": [
            "Figure 1: Overall pre-training and fine-tuning procedures for BERT. Apart from output layers, the same architectures are used in both pre-training and fine-tuning. The same pre-trained model parameters are used to initialize models for different down-stream tasks. During fine-tuning, all parameters are fine-tuned. [CLs] is a special symbol added in front of every input example, and [SEp] is a special separator token (e.g. separating questions/ans wers). "
        ],
        "img_footnote": [],
        "page_idx": 2
    },
    {
        "type": "text",
        "text": "ing and auto-encoder objectives have been used for pre-training such models (Howard and Ruder,. 2018; Radford et al., 2018; Dai and Le, 2015). ",
        "page_idx": 2
    },
    {
        "type": "text",
        "text": "2.3 Transfer Learning from Supervised Data ",
        "text_level": 1,
        "page_idx": 2
    },
    {
        "type": "text",
        "text": "There has also been work showing effective transfer from supervised tasks with large datasets, such as natural language inference (Conneau et al., 2017) and machine translation (McCann et al., 2017). Computer vision research has also demonstrated the importance of transfer learning from. large pre-trained models, where an effective recipe is to fine-tune models pre-trained with ImageNet (Deng et al., 2009; Yosinski et al., 2014). ",
        "page_idx": 2
    },
    {
        "type": "text",
        "text": "3 BERT ",
        "text_level": 1,
        "page_idx": 2
    },
    {
        "type": "text",
        "text": "We introduce BERT and its detailed implementation in this section. There are two steps in our framework: pre-training and fine-tuning. During pre-training, the model is trained on unlabeled data over different pre-training tasks. For finetuning, the BERT model is first initialized with the pre-trained parameters, and all of the parameters are fine-tuned using labeled data from the downstream tasks. Each downstream task has separate fine-tuned models, even though they are initialized with the same pre-trained parameters. The question-answering example in Figure 1 will serve as a running example for this section. ",
        "page_idx": 2
    },
    {
        "type": "text",
        "text": "A distinctive feature of BERT is its unified architecture across different tasks. There is minimal difference between the pre-trained architecture and the final downstream architecture. ",
        "page_idx": 2
    },
    {
        "type": "text",
        "text": "",
        "page_idx": 2
    },
    {
        "type": "text",
        "text": "Model Architecture BERT's model architecture is a multi-layer bidirectional Transformer encoder based on the original implementation described in Vaswani et al. (2017) and released in the tensor2tensor library.' Because the use of Transformers has become common and our implementation is almost identical to the original, we will omit an exhaustive background descrip-. tion of the model architecture and refer readers to Vaswani et al. (2017) as well as excellent guides. such as \"The Annotated Transformer.2. ",
        "page_idx": 2
    },
    {
        "type": "text",
        "text": "In this work, we denote the number of layers (i.e., Transformer blocks) as. $L$ , the hidden size as $H$ , and the number of self-attention heads as. $A$ 3 We primarily report results on two model sizes: BERTBASE $\\scriptstyle\\mathrm{L}=12$ $\\scriptstyle{\\mathrm{H}}=768$ $_\\mathrm{A}{=}12$ , Total Parameters $\\mathsf{\\Gamma}=110\\mathbf{M}\\mathrm{\\$ and BERTLARGE $\\mathrm{L}{=}24$ $\\mathrm{H}{=}1024$ $\\mathrm{A}{=}16$ , Total Parameters $\\mathsf{\\Gamma}=340\\mathbf{M}\\$ ",
        "page_idx": 2
    },
    {
        "type": "text",
        "text": "BERTBAsE was chosen to have the same model. size as OpenAI GPT for comparison purposes.. Critically, however, the BERT Transformer uses. bidirectional self-attention, while the GPT Transformer uses constrained self-attention where every token can only attend to context to its left.4. ",
        "page_idx": 2
    },
    {
        "type": "text",
        "text": "Input/Output Representations To make BERT handle a variety of down-stream tasks, our input representation is able to unambiguously represent. both a single sentence and a pair of sentences (e.g., ( Question, Answer )) in one token sequence. Throughout this work, a \"sentence\" can be an arbitrary span of contiguous text, rather than an actual linguistic sentence. A \"sequence\"' refers to the input token sequence to BERT, which may be a single sentence or two sentences packed together. ",
        "page_idx": 3
    },
    {
        "type": "text",
        "text": "We use WordPiece embeddings (Wu et al.,. 2016) with a 30,000 token vocabulary. The first. token of every sequence is always a special classification token ([CLS]). The final hidden state corresponding to this token is used as the ag-. gregate sequence representation for classification tasks. Sentence pairs are packed together into a single sequence. We differentiate the sentences in. two ways. First, we separate them with a special token ([ SEP 1). Second, we add a learned embedding to every token indicating whether it belongs. to sentence $\\mathtt{A}$ or sentence B. As shown in Figure 1,. we denote input embedding as $E$ , the final hidden. vector of the special [CLS] token as C E RH, and the final hidden vector for the. $i^{\\mathrm{th}}$ input token as Ti E RH. ",
        "page_idx": 3
    },
    {
        "type": "text",
        "text": "For a given token, its input representation is constructed by summing the corresponding token, segment, and position embeddings. A visualization of this construction can be seen in Figure 2. ",
        "page_idx": 3
    },
    {
        "type": "text",
        "text": "3.1Pre-training BERT ",
        "text_level": 1,
        "page_idx": 3
    },
    {
        "type": "text",
        "text": "Unlike Peters et al. (2018a) and Radford et al. (2018), we do not use traditional left-to-right or right-to-left language models to pre-train BERT. Instead, we pre-train BERT using two unsupervised tasks, described in this section. This step is presented in the left part of Figure 1. ",
        "page_idx": 3
    },
    {
        "type": "text",
        "text": "Task #1: Masked LM Intuitively, it is reasonable to believe that a deep bidirectional model is. strictly more powerful than either a left-to-right model or the shallow concatenation of a left-toright and a right-to-left model. Unfortunately, standard conditional language models can only be. trained left-to-right or right-to-left, since bidirectional conditioning would allow each word to indirectly \"see itself\", and the model could trivially predict the target word in a multi-layered context.. ",
        "page_idx": 3
    },
    {
        "type": "text",
        "text": "In order to train a deep bidirectional representation, we simply mask some percentage of the input tokens at random, and then predict those masked tokens. We refer to this procedure as a \"masked LM' (MLM), although it is often referred to as a Cloze task in the literature (Taylor, 1953). In this case, the final hidden vectors corresponding to the mask tokens are fed into an output softmax over the vocabulary, as in a standard LM. In all of our experiments, we mask. $15\\%$ of all WordPiece tokens in each sequence at random. In contrast to denoising auto-encoders (Vincent et al., 2008), we only predict the masked words rather than reconstructing the entire input. ",
        "page_idx": 3
    },
    {
        "type": "text",
        "text": "Although this allows us to obtain a bidirec-. tional pre-trained model, a downside is that we are creating a mismatch between pre-training and fine-tuning, since the [MAsK] token does not appear during fine-tuning. To mitigate this, we do not always replace \"masked\" words with the actual [MAsK] token. The training data generator chooses $15\\%$ of the token positions at random for prediction. If the $i$ -th token is chosen, we replace the $i$ -th token with (1) the [MASK] token $80\\%$ of the time (2) a random token $10\\%$ of the time (3) the unchanged $i$ -th token $10\\%$ of the time. Then, $T_{i}$ will be used to predict the original token with.. cross entropy loss. We compare variations of this procedure in Appendix C.2. ",
        "page_idx": 3
    },
    {
        "type": "text",
        "text": "Task #2:Next Sentence Prediction (NsP) Many important downstream tasks such as Question Answering (QA) and Natural Language Inference (NLI) are based on understanding the relationship between two sentences, which is not directly captured by language modeling. In order to train a model that understands sentence relationships, we pre-train for a binarized next sentence prediction task that can be trivially generated from any monolingual corpus. Specifically, when choosing the sentences A and B for each pre-. training example,. $50\\%$ of the time B is the actual. next sentence that follows $\\mathbb{A}$ (labeled as $\\mathbb{I}\\operatorname{sNext}$ and $50\\%$ of the time it is a random sentence from the corpus (labeled as NotNext). As we show in Figure 1,. $C$ is used for next sentence predic-. tion (NSP).5 Despite its simplicity, we demonstrate in Section 5.1 that pre-training towards this task is very beneficial to both QA and NLI. 6. ",
        "page_idx": 3
    },
    {
        "type": "image",
        "img_path": "images/8b495f5d23873ab008f988290d8ea8f089f8413a253022cbb4f5735947890ebc.jpg",
        "img_caption": [
            "Figure 2: BERT input representation. The input embeddings are the sum of the token embeddings, the segmentation embeddings and the position embeddings. "
        ],
        "img_footnote": [],
        "page_idx": 4
    },
    {
        "type": "text",
        "text": "The NSP task is closely related to representationlearning objectives used in Jernite et al. (2017) and Logeswaran and Lee (2018). However, in prior work, only sentence embeddings are transferred to down-stream tasks, where BERT transfers all parameters to initialize end-task model parameters. ",
        "page_idx": 4
    },
    {
        "type": "text",
        "text": "Pre-training data The pre-training procedure largely follows the existing literature on language model pre-training. For the pre-training corpus we use the BooksCorpus (800M words) (Zhu et al., 2015) and English Wikipedia (2,500M words). For Wikipedia we extract only the text passages and ignore lists, tables, and headers. It is critical to use a document-level corpus rather than a shuffled sentence-level corpus such as the Billion Word Benchmark (Chelba et al., 2013) in order to extract long contiguous sequences. ",
        "page_idx": 4
    },
    {
        "type": "text",
        "text": "3.2 Fine-tuning BERT ",
        "text_level": 1,
        "page_idx": 4
    },
    {
        "type": "text",
        "text": "Fine-tuning is straightforward since the selfattention mechanism in the Transformer allows BERT to model many downstream taskswhether they involve single text or text pairs---byswapping out the appropriate inputs and outputs. For applications involving text pairs, a common pattern is to independently encode text pairs before applying bidirectional cross attention, such as Parikh et al. (2016); Seo et al. (2017). BERT instead uses the self-attention mechanism to unify these two stages, as encoding a concatenated text pair with self-attention effectively includes bidirectional cross attention between two sentences. ",
        "page_idx": 4
    },
    {
        "type": "text",
        "text": "For each task, we simply plug in the task-. specific inputs and outputs into BERT and finetune all the parameters end-to-end. At the input, sentence A and sentence B from pre-training. are analogous to (1) sentence pairs in paraphras-. ing, (2) hypothesis-premise pairs in entailment, (3) question-passage pairs in question answering, and. ",
        "page_idx": 4
    },
    {
        "type": "text",
        "text": "(4) a degenerate text- $\\mathcal{O}$ pair in text classification or sequence tagging. At the output, the token representations are fed into an output layer for tokenlevel tasks, such as sequence tagging or question answering, and the [CLS] representation is fed into an output layer for classification, such as entailment or sentiment analysis. ",
        "page_idx": 4
    },
    {
        "type": "text",
        "text": "Compared to pre-training, fine-tuning is rela-. tively inexpensive. All of the results in the pa-. per can be replicated in at most 1 hour on a single Cloud TPU, or a few hours on a GPU, starting. from the exact same pre-trained model.7 We de-. scribe the task-specific details in the corresponding subsections of Section 4. More details can be found in Appendix A.5.. ",
        "page_idx": 4
    },
    {
        "type": "text",
        "text": "4 Experiments ",
        "text_level": 1,
        "page_idx": 4
    },
    {
        "type": "text",
        "text": "In this section, we present BERT fine-tuning results on 11 NLP tasks. ",
        "page_idx": 4
    },
    {
        "type": "text",
        "text": "4.1 GLUE ",
        "text_level": 1,
        "page_idx": 4
    },
    {
        "type": "text",
        "text": "The General Language Understanding Evaluation. (GLUE) benchmark (Wang et al., 2018a) is a collection of diverse natural language understanding. tasks. Detailed descriptions of GLUE datasets are included in Appendix B.1.. ",
        "page_idx": 4
    },
    {
        "type": "text",
        "text": "To fine-tune on GLUE, we represent the input sequence (for single sentence or sentence pairs) as described in Section 3, and use the final hidden vector $C\\in\\mathbb{R}^{H}$ corresponding to the first input token ([CLS]) as the aggregate representation. The only new parameters introduced during fine-tuning are classification layer weights $W\\in$ RKH, where K is the number of labels. We compute a standard classification loss with $C$ and $W$ i.e., $\\log(\\mathrm{softmax}(C W^{T}))$ ",
        "page_idx": 4
    },
    {
        "type": "table",
        "img_path": "images/62e97923c8947d509e2c6439f4c5fa717fb5276a517b240c7f0e46d4e3fa54fb.jpg",
        "table_caption": [
            "Table 1: GLUE Test results, scored by the evaluation server (https : / /gluebenchmark. com/1eaderboard). The number below each task denotes the number of training examples. The \"Average\"' column is slightly different than the official GLUE score, since we exclude the problematic WNLI set. BERT and OpenAI GPT are singlemodel, single task. F1 scores are reported for QQP and MRPC, Spearman correlations are reported for STS-B, and accuracy scores are reported for the other tasks. We exclude entries that use BERT as one of their components. "
        ],
        "table_footnote": [],
        "table_body": "\n\n<html><body><table><tr><td>System</td><td>MNLI-(m/mm) 392k</td><td>QQP 363k</td><td>QNLI 108k</td><td>SST-2 67k</td><td>CoLA 8.5k</td><td>STS-B 5.7k</td><td>MRPC 3.5k</td><td>RTE 2.5k</td><td>Average</td></tr><tr><td>Pre-OpenAI SOTA</td><td>80.6/80.1</td><td>66.1</td><td>82.3</td><td>93.2</td><td>35.0</td><td>81.0</td><td>86.0</td><td>61.7</td><td>74.0</td></tr><tr><td>BiLSTM+ELMo+Attn</td><td>76.4/76.1</td><td>64.8</td><td>79.8</td><td>90.4</td><td>36.0</td><td>73.3</td><td>84.9</td><td>56.8</td><td>71.0</td></tr><tr><td>OpenAI GPT</td><td>82.1/81.4</td><td>70.3</td><td>87.4</td><td>91.3</td><td>45.4</td><td>80.0</td><td>82.3</td><td>56.0</td><td>75.1</td></tr><tr><td>BERTBASE</td><td>84.6/83.4</td><td>71.2</td><td>90.5</td><td>93.5</td><td>52.1</td><td>85.8</td><td>88.9</td><td>66.4</td><td>79.6</td></tr><tr><td>BERTLARGE</td><td>86.7/85.9</td><td>72.1</td><td>92.7</td><td>94.9</td><td>60.5</td><td>86.5</td><td>89.3</td><td>70.1</td><td>82.1</td></tr></table></body></html>\n\n",
        "page_idx": 5
    },
    {
        "type": "text",
        "text": "We use a batch size of 32 and fine-tune for 3. epochs over the data for all GLUE tasks. For each. task, we selected the best fine-tuning learning rate (among 5e-5, 4e-5, 3e-5, and 2e-5) on the Dev set. Additionally, for BERTLARGE we found that finetuning was sometimes unstable on small datasets,. so we ran several random restarts and selected the best model on the Dev set. With random restarts, we use the same pre-trained checkpoint but perform different fine-tuning data shuffling and classifier layer initialization.9 ",
        "page_idx": 5
    },
    {
        "type": "text",
        "text": "Results are presented in Table 1. Both BERTBASE and BERTLARGE outperform all systems on all tasks by a substantial margin, obtaining. $4.5\\%$ and $7.0\\%$ respective average accuracy improvement over the prior state of the art. Note that BERTBAsE and OpenAI GPT are nearly identical. in terms of model architecture apart from the attention masking. For the largest and most widely reported GLUE task, MNLI, BERT obtains a $4.6\\%$ absolute accuracy improvement. On the official GLUE leaderboard10, BERTLARGE obtains a score of 80.5, compared to OpenAI GPT, which obtains 72.8 as of the date of writing. ",
        "page_idx": 5
    },
    {
        "type": "text",
        "text": "We find that BERTLARGE significantly outperforms BERTBAsE across all tasks, especially those with very little training data. The effect of model size is explored more thoroughly in Section 5.2. ",
        "page_idx": 5
    },
    {
        "type": "text",
        "text": "4.2 SQuAD v1.1 ",
        "text_level": 1,
        "page_idx": 5
    },
    {
        "type": "text",
        "text": "The Stanford Question Answering Dataset (SQuAD v1.1) is a collection of $100\\mathrm{k}$ crowdsourced question/answer pairs (Rajpurkar et al., 2016). Given a question and a passage from ",
        "page_idx": 5
    },
    {
        "type": "text",
        "text": "Wikipedia containing the answer, the task is to predict the answer text span in the passage.. ",
        "page_idx": 5
    },
    {
        "type": "text",
        "text": "As shown in Figure 1, in the question answering task, we represent the input question and passage as a single packed sequence, with the question using the A embedding and the passage using the B embedding. We only introduce a start vector $S\\in\\mathbb{R}^{H}$ and an end vector $E\\in\\mathbb{R}^{H}$ during fine-tuning. The probability of word $i$ being the. start of the answer span is computed as a dot product between $T_{i}$ and $S$ followed by a softmax over all of the words in the paragraph: $\\begin{array}{r}{P_{i}=\\frac{e^{S\\cdot T_{i}}}{\\sum_{j}e^{S\\cdot T_{j}}}}\\end{array}$ The analogous formula is used for the end of the answer span. The score of a candidate span from position $i$ to position $j$ is defined as. $S{\\cdot}T_{i}+E{\\cdot}T_{j}$ and the maximum scoring span where $j\\geq i$ is used as a prediction. The training objective is the sum of the log-likelihoods of the correct start and end positions. We fine-tune for 3 epochs with a. learning rate of 5e-5 and a batch size of 32. ",
        "page_idx": 5
    },
    {
        "type": "text",
        "text": "Table 2 shows top leaderboard entries as well as results from top published systems (Seo et al., 2017; Clark and Gardner, 2018; Peters et al., 2018a; Hu et al., 2018). The top results from the SQuAD leaderboard do not have up-to-date public system descriptions available,11 and are allowed to use any public data when training their systems. We therefore use modest data augmentation in our system by first fine-tuning on TriviaQA (Joshi et al., 2017) befor fine-tuning on SQuAD. ",
        "page_idx": 5
    },
    {
        "type": "text",
        "text": "Our best performing system outperforms the top leaderboard system by $+1.5\\mathrm{F}1$ in ensembling and $+1.3$ F1 as a single system. In fact, our single BERT model outperforms the top ensemble system in terms of F1 score. Without TriviaQA finetuning data, we only lose 0.1-0.4 F1, still outperforming all existing systems by a wide margin.12 ",
        "page_idx": 5
    },
    {
        "type": "table",
        "img_path": "images/138bd7c422f563dc0dd221c733b6336652ff61cbeea44d45f2106c5e61147d91.jpg",
        "table_caption": [
            "Table 2: SQuAD 1.1 results. The BERT ensemble is $7\\mathbf{x}$ systems which use different pre-training checkpoints and fine-tuning seeds. "
        ],
        "table_footnote": [],
        "table_body": "\n\n<html><body><table><tr><td>System</td><td>Dev EM F1</td><td>Test EM F1</td></tr><tr><td>Top Leaderboard Systems (Dec 10th, 2018) Human #1 Ensemble -nlnet #2 Ensemble -QANet</td><td></td><td>82.3 91.2 86.0 91.7 84.5 90.5</td></tr><tr><td>Published BiDAF+ELMo (Single) R.M. Reader (Ensemble)</td><td>85.6 81.2 87.982.3</td><td>85.8 88.5</td></tr><tr><td>Ours BERTBAsE (Single) BERTLARGE (Single)</td><td></td><td></td></tr><tr><td>BERTLARGE (Ensemble) BERTLARGE (Sgl.+TriviaQA) BERTLARGE (Ens.+TriviaQA) 86.2 92.2</td><td>80.8 88.5 84.1 90.9 85.8 91.8 84.2 91.1</td><td>85.1 91.8</td></tr></table></body></html>\n\n",
        "page_idx": 6
    },
    {
        "type": "table",
        "img_path": "images/fd6a2be8867d9dcab374e55d4aa2495fcb90cc2c89639d4c8c9683dfa2d191d9.jpg",
        "table_caption": [
            "Table 3:  SQuAD 2.0 results. We exclude entries that use BERT as one of their components. "
        ],
        "table_footnote": [],
        "table_body": "\n\n<html><body><table><tr><td>System</td><td colspan=\"2\">Dev</td><td colspan=\"2\">Test</td></tr><tr><td></td><td>EM</td><td>F1</td><td>EM</td><td>F1</td></tr><tr><td>Top Leaderboard Systems (Dec 10th, 2018) Human #1 Single -MIR-MRC (F-Net)</td><td></td><td>86.389.0</td><td>86.9 74.8</td><td>89.5 78.0</td></tr><tr><td>#2 Single -nlnet</td><td></td><td></td><td></td><td>74.277.1</td></tr><tr><td>Published unet(Ensemble)</td><td></td><td></td><td></td><td></td></tr><tr><td>SLQA+ (Single)</td><td></td><td></td><td></td><td>71.474.9</td></tr><tr><td></td><td></td><td></td><td></td><td>71.474.4</td></tr><tr><td>Ours</td><td></td><td></td><td></td><td></td></tr><tr><td></td><td></td><td></td><td></td><td></td></tr><tr><td></td><td></td><td></td><td></td><td></td></tr><tr><td></td><td></td><td></td><td></td><td></td></tr><tr><td></td><td></td><td></td><td></td><td></td></tr><tr><td></td><td></td><td></td><td></td><td></td></tr><tr><td></td><td></td><td></td><td></td><td></td></tr><tr><td>BERTLARGE (Single)</td><td></td><td></td><td></td><td></td></tr><tr><td></td><td></td><td></td><td>78.781.9 80.0</td><td>83.1</td></tr><tr><td></td><td></td><td></td><td></td><td></td></tr><tr><td></td><td></td><td></td><td></td><td></td></tr><tr><td></td><td></td><td></td><td></td><td></td></tr><tr><td></td><td></td><td></td><td></td><td></td></tr><tr><td></td><td></td><td></td><td></td><td></td></tr><tr><td></td><td></td><td></td><td></td><td></td></tr><tr><td></td><td></td><td></td><td></td><td></td></tr><tr><td></td><td></td><td></td><td></td><td></td></tr><tr><td></td><td></td><td></td><td></td><td></td></tr><tr><td></td><td></td><td></td><td></td><td></td></tr><tr><td></td><td></td><td></td><td></td><td></td></tr></table></body></html>\n\n",
        "page_idx": 6
    },
    {
        "type": "text",
        "text": "",
        "page_idx": 6
    },
    {
        "type": "text",
        "text": "4.3 SQuAD v2.0 ",
        "text_level": 1,
        "page_idx": 6
    },
    {
        "type": "text",
        "text": "The SQuAD 2.0 task extends the SQuAD 1.1 problem definition by allowing for the possibility that no short answer exists in the provided paragraph, making the problem more realistic. ",
        "page_idx": 6
    },
    {
        "type": "text",
        "text": "We use a simple approach to extend the SQuAD v1.1 BERT model for this task. We treat questions that do not have an answer as having an an-. swer span with start and end at the [CLs] to-. ken. The probability space for the start and end answer span positions is extended to include the position of the [CLs] token. For prediction, we. compare the score of the no-answer span: $s_{\\tt n u l l}=$ $S{\\cdot}C+E{\\cdot}C$ to the score of the best non-null span. ",
        "page_idx": 6
    },
    {
        "type": "table",
        "img_path": "images/f2bc3edc253ad9e9051c919d0be8720aac15252c396fac56d9f0c05623363488.jpg",
        "table_caption": [
            "Table 4: SWAG Dev and Test accuracies. Human performance is measured with 100 samples, as reported in the SWAG paper. "
        ],
        "table_footnote": [],
        "table_body": "\n\n<html><body><table><tr><td>System</td><td>Dev Test</td></tr><tr><td>ESIM+GloVe ESIM+ELMo</td><td>51.9 52.7 59.1 59.2</td></tr><tr><td>OpenAI GPT</td><td>78.0</td></tr><tr><td>BERTBASE BERTLARGE</td><td>81.6 86.6 86.3</td></tr><tr><td>Human (expert)t Human (5 annotations)</td><td>85.0 88.0</td></tr></table></body></html>\n\n",
        "page_idx": 6
    },
    {
        "type": "text",
        "text": "$s_{i,j}=\\mathtt{m a x}_{j\\ge i}S\\cdot T_{i}+E\\cdot T_{j}$ .We predict a non-null. answer when $s_{i,j}^{}>s_{\\mathrm{nu11}}+\\tau$ , where the threshold $\\tau$ is selected on the dev set to maximize F1. We did not use TriviaQA data for this model. We fine-tuned for 2 epochs with a learning rate of 5e-5 and a batch size of 48. ",
        "page_idx": 6
    },
    {
        "type": "text",
        "text": "The results compared to prior leaderboard entries and top published work (Sun et al., 2018; Wang et al., 2018b) are shown in Table 3, excluding systems that use BERT as one of their components. We observe a $+5.1$ F1 improvement over the previous best system. ",
        "page_idx": 6
    },
    {
        "type": "text",
        "text": "4.4SWAG ",
        "text_level": 1,
        "page_idx": 6
    },
    {
        "type": "text",
        "text": "The Situations With Adversarial Generations (SWAG) dataset contains $113\\mathrm{k\\Omega}$ sentence-pair completion examples that evaluate grounded commonsense inference (Zellers et al., 2018). Given a sentence, the task is to choose the most plausible continuation among four choices. ",
        "page_idx": 6
    },
    {
        "type": "text",
        "text": "When fine-tuning on the SwAG dataset, we construct four input sequences, each containing the concatenation of the given sentence (sentence A) and a possible continuation (sentence B). The only task-specific parameters introduced is a vector whose dot product with the [CLS] token representation $C$ denotes a score for each choice. which is normalized with a softmax layer. ",
        "page_idx": 6
    },
    {
        "type": "text",
        "text": "We fine-tune the model for 3 epochs with a learning rate of 2e-5 and a batch size of 16. Results are presented in Table 4. BERTLARGE outperforms the authors' baseline ESIM $+$ ELMo system by $+27.1\\%$ and OpenAI GPT by $8.3\\%$ ",
        "page_idx": 6
    },
    {
        "type": "text",
        "text": "5 Ablation Studies ",
        "text_level": 1,
        "page_idx": 6
    },
    {
        "type": "text",
        "text": "In this section, we perform ablation experiments. over a number of facets of BERT in order to better understand their relative importance. Additional. ",
        "page_idx": 6
    },
    {
        "type": "table",
        "img_path": "images/7559c20cf20ce6692d4949cdf00f92a85c3f7c237847f1d8cb1426be4f00b420.jpg",
        "table_caption": [
            "Table 5: Ablation over the pre-training tasks using the BERTbAsE architecture. \"No NSP\" is trained without the next sentence prediction task. \"LTR & No NSP\" is trained as a left-to-right LM without the next sentence prediction, like OpenAI GPT. \" $^+$ BiLSTM' adds a randomly initialized BiLSTM on top of the \"LTR $+~\\mathbf{No}$ NSP\" model during fine-tuning. "
        ],
        "table_footnote": [],
        "table_body": "\n\n<html><body><table><tr><td>Tasks</td><td>MNLI-m QNLI</td><td>DevSet MRPC (Acc)</td><td>SST-2 (Acc) (Acc)</td><td>SQuAD</td></tr><tr><td>BERTBASE</td><td>84.4</td><td>88.4</td><td>86.7 92.7</td><td>88.5</td></tr><tr><td>NoNSP</td><td>83.9</td><td>84.9</td><td>86.5</td><td>92.6 87.9</td></tr><tr><td>LTR&NoNSP</td><td>82.1</td><td>84.3</td><td>77.5 92.1</td><td>77.8</td></tr><tr><td>+ BiLSTM</td><td>82.1</td><td>84.1</td><td>75.7</td><td>91.6 84.9</td></tr></table></body></html>\n\n",
        "page_idx": 7
    },
    {
        "type": "text",
        "text": "ablation studies can be found in Appendix C. ",
        "page_idx": 7
    },
    {
        "type": "text",
        "text": "5.1 Effect of Pre-training Tasks ",
        "text_level": 1,
        "page_idx": 7
    },
    {
        "type": "text",
        "text": "We demonstrate the importance of the deep bidirectionality of BERT by evaluating two pretraining objectives using exactly the same pretraining data, fine-tuning scheme, and hyperparameters as BERTBASE: ",
        "page_idx": 7
    },
    {
        "type": "text",
        "text": "No NSP: A bidirectional model which is trained using the \"masked LM\" (MLM) but without the \"next sentence prediction\"' (NSP) task. ",
        "page_idx": 7
    },
    {
        "type": "text",
        "text": "LTR & No NSP: A left-context-only model which is trained using a standard Left-to-Right (LTR) LM, rather than an MLM. The left-only constraint was also applied at fine-tuning, because removing it introduced a pre-train/fine-tune mismatch that degraded downstream performance. Additionally, this model was pre-trained without the NSP task. This is directly comparable to OpenAI GPT, but using our larger training dataset, our input representation, and our fine-tuning scheme. ",
        "page_idx": 7
    },
    {
        "type": "text",
        "text": "We first examine the impact brought by the NSP task. In Table 5, we show that removing NSP hurts performance significantly on QNLI, MNLI, and SQuAD 1.1. Next, we evaluate the impact of training bidirectional representations by comparing \"No NSP\" to \"LTR & No NSP\". The LTR model performs worse than the MLM model on all tasks, with large drops on MRPC and SQuAD. ",
        "page_idx": 7
    },
    {
        "type": "text",
        "text": "For SQuAD it is intuitively clear that a LTR. model will perform poorly at token predictions,. since the token-level hidden states have no right-. side context. In order to make a good faith attempt at strengthening the LTR system, we added a randomly initialized BiLSTM on top. This does significantly improve results on SQuAD, but the. ",
        "page_idx": 7
    },
    {
        "type": "text",
        "text": "results are still far worse than those of the pre-. trained bidirectional models. The BiLSTM hurts performance on the GLUE tasks. ",
        "page_idx": 7
    },
    {
        "type": "text",
        "text": "We recognize that it would also be possible to train separate LTR and RTL models and represent each token as the concatenation of the two models, as ELMo does. However: (a) this is twice as expensive as a single bidirectional model; (b) this is non-intuitive for tasks like QA, since the RTL model would not be able to condition the answer on the question; (c) this it is strictly less powerful than a deep bidirectional model, since it can use both left and right context at every layer. ",
        "page_idx": 7
    },
    {
        "type": "text",
        "text": "5.2 Effect of Model Size ",
        "text_level": 1,
        "page_idx": 7
    },
    {
        "type": "text",
        "text": "In this section, we explore the effect of model size.   \non fine-tuning task accuracy. We trained a number of BERT models with a differing number of layers,.   \nhidden units, and attention heads, while otherwise.   \nusing the same hyperparameters and training pro-.   \ncedure as described previously. ",
        "page_idx": 7
    },
    {
        "type": "text",
        "text": "Results on selected GLUE tasks are shown in Table 6. In this table, we report the average Dev. Set accuracy from 5 random restarts of fine-tuning. We can see that larger models lead to a strict accuracy improvement across all four datasets, even for MRPC which only has 3,600 labeled training examples, and is substantially different from the pre-training tasks. It is also perhaps surprising that we are able to achieve such significant improvements on top of models which are already quite large relative to the existing literature. For example, the largest Transformer explored in Vaswani et al. (2017) is $\\scriptstyle\\mathrm{L=6}$ $_\\mathrm{H}{=}1024$ $\\mathrm{A}{=}16$ with 100M parameters for the encoder, and the largest Transformer we have found in the literature is $\\mathrm{L}{=}64$ $_{\\mathrm{H}=512}$ $\\mathbf{A}{=}2$ ) with $235\\mathbf{M}$ parameters (Al-Rfou et al., 2018). By contrast, BERTBASE contains 11OM parameters and BERTLARGE contains 340M parameters. ",
        "page_idx": 7
    },
    {
        "type": "text",
        "text": "It has long been known that increasing the model size will lead to continual improvements on large-scale tasks such as machine translation and language modeling, which is demonstrated by the LM perplexity of held-out training data shown in Table 6. However, we believe that this is the first work to demonstrate convincingly that scaling to extreme model sizes also leads to large improvements on very small scale tasks, provided that the model has been sufficiently pre-trained. Peters et al. (2018b) presented mixed results on the downstream task impact of increasing the pre-trained bi-LM size from two to four layers and Melamud et al. (2016) mentioned in passing that increasing hidden dimension size from 200 to 600 helped, but increasing. further to 1,000 did not bring further improvements. Both of these prior works used a feature-. based approach - we hypothesize that when themodel is fine-tuned directly on the downstream tasks and uses only a very small number of randomly initialized additional parameters, the taskspecific models can benefit from the larger, more expressive pre-trained representations even when downstream task data is very small.. ",
        "page_idx": 7
    },
    {
        "type": "text",
        "text": "",
        "page_idx": 8
    },
    {
        "type": "text",
        "text": "5.3 Feature-based Approach with BERT ",
        "text_level": 1,
        "page_idx": 8
    },
    {
        "type": "text",
        "text": "All of the BERT results presented so far have used the fine-tuning approach, where a simple classification layer is added to the pre-trained model, and all parameters are jointly fine-tuned on a downstream task. However, the feature-based approach, where fixed features are extracted from the pretrained model, has certain advantages. First, not all tasks can be easily represented by a Transformer encoder architecture, and therefore require a task-specific model architecture to be added.. Second, there are major computational benefits to pre-compute an expensive representation of the training data once and then run many experiments with cheaper models on top of this representation. ",
        "page_idx": 8
    },
    {
        "type": "text",
        "text": "In this section, we compare the two approaches by applying BERT to the CoNLL-2003 Named Entity Recognition (NER) task (Tjong Kim Sang and De Meulder, 2003). In the input to BERT, we use a case-preserving WordPiece model, and we include the maximal document context provided. by the data. Following standard practice, we formulate this as a tagging task but do not use a CRF layer in the output. We use the representation of the first sub-token as the input to the token-level classifier over the NER label set. ",
        "page_idx": 8
    },
    {
        "type": "table",
        "img_path": "images/341f2d71cb73c5cb3b8c92f355d77a871a67a9bf6b29a6c09ada846dde95c058.jpg",
        "table_caption": [
            "Table 6: Ablation over BERT model size. #L $=$ the number of layers; $\\#\\mathrm{H}=$ hidden size; #A $=$ number of attention heads. \\*LM (ppl)\" is the masked LM perplexity of held-out training data. "
        ],
        "table_footnote": [],
        "table_body": "\n\n<html><body><table><tr><td colspan=\"2\">Hyperparams</td><td colspan=\"2\">Dev Set Accuracy</td></tr><tr><td>#L</td><td>#H #A</td><td>LM (ppl) MNLI-m</td><td>MRPC SST-2</td></tr><tr><td>3</td><td>768</td><td>12 5.84 77.9</td><td>79.8 88.4</td></tr><tr><td>6</td><td>768</td><td>5.24 80.6</td><td>82.2 90.7</td></tr><tr><td>6</td><td>768</td><td>4.68 81.9</td><td>84.8 91.3</td></tr><tr><td>12</td><td>768</td><td>3.99 84.4</td><td>86.7 92.9</td></tr><tr><td>12</td><td>1024 16</td><td>3.54 85.7</td><td>86.9 93.3</td></tr><tr><td>24</td><td>1024 16</td><td>3.23 86.6</td><td>87.8 93.7</td></tr></table></body></html>\n\n",
        "page_idx": 8
    },
    {
        "type": "table",
        "img_path": "images/298cdc6aa83e52ccfa2f508b642a3c83243478860eff320b84e0854d27d7f9f8.jpg",
        "table_caption": [
            "Table 7: CoNLL-2003 Named Entity Recognition results. Hyperparameters were selected using the Dev set. The reported Dev and Test scores are averaged over 5 random restarts using those hyperparameters. "
        ],
        "table_footnote": [],
        "table_body": "\n\n<html><body><table><tr><td>System</td><td>DevF1</td><td>Test F1</td></tr><tr><td>ELMo (Peterset al.,2018a)</td><td>95.7</td><td>92.2</td></tr><tr><td>CVT (Clark et al.,2018) CSE (Akbik et al.,2018)</td><td></td><td>92.6 93.1</td></tr><tr><td>Fine-tuning approach</td><td></td><td></td></tr><tr><td>BERTLARGE</td><td>96.6</td><td>92.8</td></tr><tr><td>BERTBASE</td><td>96.4</td><td>92.4</td></tr><tr><td>Feature-based approach(BERTBAsE)</td><td></td><td></td></tr><tr><td>Embeddings</td><td>91.0</td><td></td></tr><tr><td>Second-to-Last Hidden</td><td>95.6</td><td></td></tr><tr><td>LastHidden</td><td>94.9</td><td></td></tr><tr><td>Weighted Sum Last Four Hidden</td><td>95.9</td><td></td></tr><tr><td>Concat LastFourHidden</td><td>96.1</td><td></td></tr><tr><td>WeightedSumAll12Layers</td><td>95.5</td><td></td></tr></table></body></html>\n\n",
        "page_idx": 8
    },
    {
        "type": "text",
        "text": "",
        "page_idx": 8
    },
    {
        "type": "text",
        "text": "To ablate the fine-tuning approach, we apply the feature-based approach by extracting the activations from one or more layers without fine-tuning any parameters of BERT. These contextual embeddings are used as input to a randomly initialized two-layer 768-dimensional BiLSTM before the classification layer. ",
        "page_idx": 8
    },
    {
        "type": "text",
        "text": "Results are presented in Table 7. BERTLARGE performs competitively with state-of-the-art methods. The best performing method concatenates the token representations from the top four hidden layers of the pre-trained Transformer, which is only $0.3\\mathrm{~F}1$ behind fine-tuning the entire model. This demonstrates that BERT is effective for both finetuning and feature-based approaches. ",
        "page_idx": 8
    },
    {
        "type": "text",
        "text": "6 Conclusion ",
        "text_level": 1,
        "page_idx": 8
    },
    {
        "type": "text",
        "text": "Recent empirical improvements due to transfer learning with language models have demonstrated that rich, unsupervised pre-training is an integral part of many language understanding systems. In particular, these results enable even low-resource tasks to benefit from deep unidirectional architectures. Our major contribution is further generalizing these findings to deep bidirectional architectures, allowing the same pre-trained model to successfully tackle a broad set of NLP tasks. ",
        "page_idx": 8
    },
    {
        "type": "text",
        "text": "References ",
        "text_level": 1,
        "page_idx": 9
    },
    {
        "type": "text",
        "text": "Alan Akbik, Duncan Blythe, and Roland Vollgraf. 2018. Contextual string embeddings for sequence labeling. In Proceedings of the 27th International. Conference on Computational Linguistics, pages 1638-1649. ",
        "page_idx": 9
    },
    {
        "type": "text",
        "text": "Rami Al-Rfou, Dokook Choe, Noah Constant, Mandy Guo, and Llion Jones. 2018. Character-level language modeling with deeper self-attention. arXiv preprint arXiv:1808.04444. ",
        "page_idx": 9
    },
    {
        "type": "text",
        "text": "Rie Kubota Ando and Tong Zhang. 2005. A framework for learning predictive structures from multiple tasks and unlabeled data. Journal of Machine Learning Research, 6(Nov):1817-1853. ",
        "page_idx": 9
    },
    {
        "type": "text",
        "text": "Luisa Bentivogli, Bernardo Magnini, Ido Dagan, Hoa Trang Dang, and Danilo Giampiccolo. 2009. The fifth PASCAL recognizing textual entailment. challenge. In TAC. NIST. ",
        "page_idx": 9
    },
    {
        "type": "text",
        "text": "John Blitzer, Ryan McDonald, and Fernando Pereira. 2006. Domain adaptation with structural correspondence learning. In Proceedings of the 2006 conference on empirical methods in natural language processing, pages 120-128. Association for Computational Linguistics. ",
        "page_idx": 9
    },
    {
        "type": "text",
        "text": "Samuel R. Bowman, Gabor Angeli, Christopher Potts, and Christopher D. Manning. 2015. A large annotated corpus for learning natural language inference. In EMNLP. Association for Computational Linguistics. ",
        "page_idx": 9
    },
    {
        "type": "text",
        "text": "Peter F Brown, Peter V Desouza, Robert L Mercer, Vincent J Della Pietra, and Jenifer C Lai. 1992. Class-based n-gram models of natural language. Computational linguistics, 18(4):467-479. ",
        "page_idx": 9
    },
    {
        "type": "text",
        "text": "Daniel Cer, Mona Diab, Eneko Agirre, Inigo LopezGazpio, and Lucia Specia. 2017. Semeval-2017 task 1: Semantic textual similarity multilingual and crosslingual focused evaluation. In Proceedings of the 11th International Workshop on Semantic Evaluation (SemEval-2017), pages 1-14, Vancouver, Canada. Association for Computational Linguistics. ",
        "page_idx": 9
    },
    {
        "type": "text",
        "text": "Ciprian Chelba, Tomas Mikolov, Mike Schuster, Qi Ge, Thorsten Brants, Phillipp Koehn, and Tony Robin-. son. 2013. One billion word benchmark for measuring progress in statistical language modeling. arXiv. preprint arXiv:1312.3005. ",
        "page_idx": 9
    },
    {
        "type": "text",
        "text": "Z. Chen, H. Zhang, X. Zhang, and L. Zhao. 2018. Quora question pairs. ",
        "page_idx": 9
    },
    {
        "type": "text",
        "text": "Christopher Clark and Matt Gardner. 2018.  Simple and effective multi-paragraph reading comprehension. In ACL. ",
        "page_idx": 9
    },
    {
        "type": "text",
        "text": "Kevin Clark, Minh-Thang Luong, Christopher D Man-. ning, and Quoc Le. 2018. Semi-supervised se-. quence modeling with cross-view training. In Pro-. ceedings of the 2018 Conference on Empirical Methods in Natural Language Processing, pages 1914 1925. ",
        "page_idx": 9
    },
    {
        "type": "text",
        "text": "Ronan Collobert and Jason Weston. 2008. A unified architecture for natural language processing: Deep neural networks with multitask learning.  In Proceedings of the 25th international conference on Machine learning, pages 160-167. ACM. ",
        "page_idx": 9
    },
    {
        "type": "text",
        "text": "Alexis Conneau, Douwe Kiela, Holger Schwenk, Loic Barrault, and Antoine Bordes. 2017. Supervised learning of universal sentence representations from natural language inference data. In Proceedings of the 2017 Conference on Empirical Methods in Natural Language Processing, pages 670-680, Copen-. hagen, Denmark. Association for Computational Linguistics. ",
        "page_idx": 9
    },
    {
        "type": "text",
        "text": "Andrew M Dai and Quoc V Le. 2015. Semi-supervised sequence learning. In Advances in neural information processing systems, pages 30793087. ",
        "page_idx": 9
    },
    {
        "type": "text",
        "text": "J. Deng, W. Dong, R. Socher, L.-J. Li, K. Li, and L. FeiFei. 2009. ImageNet: A Large-Scale Hierarchical. Image Database. In CVPR09. ",
        "page_idx": 9
    },
    {
        "type": "text",
        "text": "William B Dolan and Chris Brockett. 2005. Automatically constructing a corpus of sentential paraphrases. In Proceedings of the Third International Workshop. on Paraphrasing (IWP2005). ",
        "page_idx": 9
    },
    {
        "type": "text",
        "text": "William Fedus, Ian Goodfellow, and Andrew M Dai. 2018. Maskgan: Better text generation via filling in. the_. arXiv preprint arXiv:1801.07736. ",
        "page_idx": 9
    },
    {
        "type": "text",
        "text": "Dan Hendrycks and Kevin Gimpel. 2016. Bridging. nonlinearities and stochastic regularizers with gaussian error linear units. CoRR, abs/1606.08415.. ",
        "page_idx": 9
    },
    {
        "type": "text",
        "text": "Felix Hill, Kyunghyun Cho, and Anna Korhonen. 2016. Learning distributed representations of sentences from unlabelled data. In Proceedings of the 2016. Conference of the North American Chapter of the. Association for Computational Linguistics: Human Language Technologies. Association for Computational Linguistics. ",
        "page_idx": 9
    },
    {
        "type": "text",
        "text": "Jeremy Howard and Sebastian Ruder. 2018. Universal language model fine-tuning for text classification. In. ACL. Association for Computational Linguistics.. ",
        "page_idx": 9
    },
    {
        "type": "text",
        "text": "Minghao Hu, Yuxing Peng, Zhen Huang, Xipeng Qiu, Furu Wei, and Ming Zhou. 2018.. Reinforced mnemonic reader for machine reading comprehension. In IJCAI. ",
        "page_idx": 9
    },
    {
        "type": "text",
        "text": "Yacine Jernite, Samuel R. Bowman, and David Sontag. 2017. Discourse-based objectives for fast un-. supervised sentence representation learning. CoRR,. abs/1705.00557. ",
        "page_idx": 9
    },
    {
        "type": "text",
        "text": "Mandar Joshi, Eunsol Choi, Daniel S Weld, and Luke Zettlemoyer. 2017. Triviaqa: A large scale distantly supervised challenge dataset for reading comprehension. In ACL. ",
        "page_idx": 10
    },
    {
        "type": "text",
        "text": "Ryan Kiros, Yukun Zhu, Ruslan R Salakhutdinov, Richard Zemel, Raquel Urtasun, Antonio Torralba, and Sanja Fidler. 2015. Skip-thought vectors. In Advances in neural information processing systems. pages 3294-3302. ",
        "page_idx": 10
    },
    {
        "type": "text",
        "text": "Quoc Le and Tomas Mikolov. 2014. Distributed representations of sentences and documents. In International Conference on Machine Learning, pages 1188-1196.   \nHector J Levesque, Ernest Davis, and Leora Morgenstern. 2011. The winograd schema challenge. In Aaai spring symposium: Logical formalizations of commonsense reasoning, volume 46, page 47.   \nLajanugen Logeswaran and Honglak Lee. 2018. An efficient framework for learning sentence representations. In International Conference on Learning Representations.   \nBryan McCann, James Bradbury, Caiming Xiong, and Richard Socher. 2017. Learned in translation: Contextualized word vectors. In NIPS.   \nOren Melamud, Jacob Goldberger, and Ido Dagan. 2016. context2vec: Learning generic context embedding with bidirectional LSTM. In CoNLL.   \nTomas Mikolov, Ilya Sutskever, Kai Chen, Greg S Corrado, and Jeff Dean. 2013. Distributed representations of words and phrases and their compositionality. In Advances in Neural Information Processing Systems 26, pages 3111-3119. Curran Associates, Inc.   \nAndriy Mnih and Geoffrey E Hinton. 2009. A scalable hierarchical distributed language model. In D. Koller, D. Schuurmans, Y. Bengio, and L. Bot-. tou, editors, Advances in Neural Information Processing Systems 21, pages 1081-1088. Curran Associates, Inc.   \nAnkur P Parikh, Oscar Tackstrom, Dipanjan Das, and Jakob Uszkoreit. 2016. A decomposable attention model for natural language inference. In EMNLP.   \nJeffrey Pennington, Richard Socher, and Christo-. pher D. Manning. 2014. Glove: Global vectors for word representation. In Empirical Methods in Natural Language Processing (EMNLP), pages 1532- 1543.   \nMatthew Peters, Waleed Ammar, Chandra Bhagavatula, and Russell Power. 2017. Semi-supervised sequence tagging with bidirectional language models. In ACL.   \nMatthew Peters, Mark Neumann, Mohit Iyyer, Matt Gardner, Christopher Clark, Kenton Lee, and Luke Zettlemoyer. 2018a. Deep contextualized word rep",
        "page_idx": 10
    },
    {
        "type": "text",
        "text": "resentations. In NAACL. ",
        "page_idx": 10
    },
    {
        "type": "text",
        "text": "Matthew Peters, Mark Neumann, Luke Zettlemoyer, and Wen-tau Yih. 2018b.Dissecting contextual word embeddings: Architecture and representation. In Proceedings of the 2018 Conference on Empirical Methods in Natural Language Processing, pages 1499-1509. ",
        "page_idx": 10
    },
    {
        "type": "text",
        "text": "Alec Radford, Karthik Narasimhan, Tim Salimans, and Ilya Sutskever. 2018.Improving language understanding with unsupervised learning. Technical re-. port, OpenAI. ",
        "page_idx": 10
    },
    {
        "type": "text",
        "text": "Pranav Rajpurkar, Jian Zhang, Konstantin Lopyrev, and Percy Liang. 2016. Squad: $100{,}000+$ questions for machine comprehension of text. In Proceedings of the 2016 Conference on Empirical Methods in Natural Language Processing, pages 2383-2392. ",
        "page_idx": 10
    },
    {
        "type": "text",
        "text": "Minjoon Seo, Aniruddha Kembhavi, Ali Farhadi, and. Hannaneh Hajishirzi. 2017. Bidirectional attention flow for machine comprehension. In ICLR.. ",
        "page_idx": 10
    },
    {
        "type": "text",
        "text": "Richard Socher, Alex Perelygin, Jean Wu, Jason Chuang, Christopher D Manning, Andrew Ng, and Christopher Potts. 2013. Recursive deep models for semantic compositionality over a sentiment treebank. In Proceedings of the 2013 conference on empirical methods in natural language processing, pages 1631-1642. ",
        "page_idx": 10
    },
    {
        "type": "text",
        "text": "Fu Sun, Linyang Li, Xipeng Qiu, and Yang Liu. 2018. U-net: Machine reading comprehension with unanswerable questions. arXiv preprint arXiv:1810.06638. ",
        "page_idx": 10
    },
    {
        "type": "text",
        "text": "Wilson L Taylor. 1953.Cloze procedure: A new tool for measuring readability. Journalism Bulletin,. 30(4):415-433. ",
        "page_idx": 10
    },
    {
        "type": "text",
        "text": "Erik F Tjong Kim Sang and Fien De Meulder. 2003. Introduction to the conll-2003 shared task: Language-independent named entity recognition. In CoNLL. ",
        "page_idx": 10
    },
    {
        "type": "text",
        "text": "Joseph Turian, Lev Ratinov, and Yoshua Bengio. 2010. Word representations: A simple and general method. for semi-supervised learning. In Proceedings of the. 48th Annual Meeting of the Association for Computational Linguistics, ACL '10, pages 384-394. ",
        "page_idx": 10
    },
    {
        "type": "text",
        "text": "Ashish Vaswani, Noam Shazeer, Niki Parmar, Jakob Uszkoreit, Llion Jones, Aidan N Gomez, Lukasz. Kaiser, and Illia Polosukhin. 2017. Attention is all. you need. In Advances in Neural Information Pro-. cessing Systems, pages 6000-6010. ",
        "page_idx": 10
    },
    {
        "type": "text",
        "text": "Pascal Vincent, Hugo Larochelle, Yoshua Bengio, and Pierre-Antoine Manzagol. 2008. Extracting and. composing robust features with denoising autoen-. coders.  In Proceedings of the 25th international. conference on Machine learning, pages 1096-1103. ACM. ",
        "page_idx": 10
    },
    {
        "type": "text",
        "text": "Alex Wang, Amanpreet Singh, Julian Michael, Felix Hill, Omer Levy, and Samuel Bowman. 2018a. Glue: A multi-task benchmark and analysis platform for natural language understanding. In Proceedings. of the 2018 EMNLP Workshop BlackboxNLP: Analyzing and Interpreting Neural Networks for NLP, pages 353-355. ",
        "page_idx": 10
    },
    {
        "type": "text",
        "text": "",
        "page_idx": 11
    },
    {
        "type": "text",
        "text": "Wei Wang, Ming Yan, and Chen Wu. 2018b. Multigranularity hierarchical attention fusion networks for reading comprehension and question answering. In Proceedings of the 56th Annual Meeting of the Association for Computational Linguistics (Volume 1: Long Papers). Association for Computational Linguistics. ",
        "page_idx": 11
    },
    {
        "type": "text",
        "text": "Alex Warstadt, Amanpreet Singh, and Samuel R Bowman. 2018. Neural network acceptability judg-. ments. arXiv preprint arXiv:1805.12471. ",
        "page_idx": 11
    },
    {
        "type": "text",
        "text": "Adina Williams, Nikita Nangia, and Samuel R Bowman. 2018.  A broad-coverage challenge corpus for sentence understanding through inference. In NAACL. ",
        "page_idx": 11
    },
    {
        "type": "text",
        "text": "Yonghui Wu, Mike Schuster, Zhifeng Chen, Quoc V Le, Mohammad Norouzi, Wolfgang Macherey, Maxim Krikun, Yuan Cao, Qin Gao, Klaus Macherey, et al. 2016. Google's neural ma-. chine translation system: Bridging the gap between human and machine translation. arXiv preprint arXiv:1609.08144. ",
        "page_idx": 11
    },
    {
        "type": "text",
        "text": "Jason Yosinski, Jeff Clune, Yoshua Bengio, and Hod Lipson. 2014. How transferable are features in deep. neural networks? In Advances in neural information processing systems, pages 3320-3328. ",
        "page_idx": 11
    },
    {
        "type": "text",
        "text": "Adams Wei Yu, David Dohan, Minh-Thang Luong, Rui Zhao, Kai Chen, Mohammad Norouzi, and Quoc V Le. 2018.  QANet: Combining local convolution with global self-attention for reading comprehension. In ICLR. ",
        "page_idx": 11
    },
    {
        "type": "text",
        "text": "Rowan Zellers, Yonatan Bisk, Roy Schwartz, and Yejin Choi. 2018. Swag: A large-scale adversarial dataset for grounded commonsense inference. In Proceedings of the 2018 Conference on Empirical Methods in Natural Language Processing (EMNLP). ",
        "page_idx": 11
    },
    {
        "type": "text",
        "text": "Yukun Zhu, Ryan Kiros, Rich Zemel, Ruslan Salakhutdinov, Raquel Urtasun, Antonio Torralba, and Sanja Fidler. 2015. Aligning books and movies: Towards story-like visual explanations by watching movies and reading books.  In Proceedings of the IEEE international conference on computer vision, pages 19-27. ",
        "page_idx": 11
    },
    {
        "type": "text",
        "text": "Appendix for \"BERT: Pre-training of Deep Bidirectional Transformers for Language Understanding\"' ",
        "text_level": 1,
        "page_idx": 11
    },
    {
        "type": "text",
        "text": "We organize the appendix into three sections: ",
        "page_idx": 11
    },
    {
        "type": "text",
        "text": ". Additional implementation details for BERT are presented in Appendix A; ",
        "page_idx": 11
    },
    {
        "type": "text",
        "text": ". Additional details for our experiments are presented in Appendix B; and ",
        "page_idx": 11
    },
    {
        "type": "text",
        "text": ": Additional ablation studies are presented in Appendix C. ",
        "page_idx": 11
    },
    {
        "type": "text",
        "text": "We present additional ablation studies for BERT including: ",
        "page_idx": 11
    },
    {
        "type": "text",
        "text": "- Effect of Number of Training Steps; and - Ablation for Different Masking Procedures. ",
        "page_idx": 11
    },
    {
        "type": "text",
        "text": "A Additional Details for BERT ",
        "text_level": 1,
        "page_idx": 11
    },
    {
        "type": "text",
        "text": "A.1 Illustration of the Pre-training Tasks ",
        "text_level": 1,
        "page_idx": 11
    },
    {
        "type": "text",
        "text": "We provide examples of the pre-training tasks in the following. ",
        "page_idx": 11
    },
    {
        "type": "text",
        "text": "Masked LM and the Masking Procedure Assuming the unlabeled sentence is my dog is hairy, and during the random masking procedure we chose the 4-th token (which corresponding to hairy), our masking procedure can be further illustrated by ",
        "page_idx": 11
    },
    {
        "type": "text",
        "text": ": $80\\%$ of the time: Replace the word with the [MASK] token, e.g., my dog is hairy $\\rightarrow$ my dog is [MASK]   \n: $10\\%$ of the time: Replace the word with a. random word, e.g., my dog is hairy. $\\rightarrow\\mathrm{my}$ dog is apple.   \n: $10\\%$ of the time:  Keep the word unchanged, e.g., my dog is hairy. $\\rightarrow\\mathrm{my}$ dog is hairy. The purpose of this is to bias the representation towards the actual observed word. ",
        "page_idx": 11
    },
    {
        "type": "text",
        "text": "The advantage of this procedure is that the. Transformer encoder does not know which words it will be asked to predict or which have been replaced by random words, so it is forced to keep. a distributional contextual representation of every input token. Additionally, because random replacement only occurs for $1.5\\%$ of all tokens (i.e., $10\\%$ of $15\\%$ , this does not seem to harm the model's language understanding capability. In Section C.2, we evaluate the impact this proce-. dure. ",
        "page_idx": 11
    },
    {
        "type": "text",
        "text": "Compared to standard langauge model training, the masked LM only make predictions on $15\\%$ of tokens in each batch, which suggests that more pre-training steps may be required for the model to converge. In Section C.1 we demonstrate that MLM does converge marginally slower than a leftto-right model (which predicts every token), but the empirical improvements of the MLM model far outweigh the increased training cost. ",
        "page_idx": 11
    },
    {
        "type": "image",
        "img_path": "images/632efb3f0a22374ec898e848318c8d96881668c60449bd515550e9e85d13fbc6.jpg",
        "img_caption": [
            "Figure 3: Differences in pre-training model architectures. BERT uses a bidirectional Transformer. OpenAI GPT uses a left-to-right Transformer. ELMo uses the concatenation of independently trained left-to-right and right-toleft LSTMs to generate features for downstream tasks. Among the three, only BERT representations are jointly conditioned on both left and right context in all layers. In addition to the architecture differences, BERT and OpenAI GPT are fine-tuning approaches, while ELMo is a feature-based approach. "
        ],
        "img_footnote": [],
        "page_idx": 12
    },
    {
        "type": "text",
        "text": "",
        "page_idx": 12
    },
    {
        "type": "text",
        "text": "Next Sentence Prediction The next sentence prediction task can be illustrated in the following examples. ",
        "page_idx": 12
    },
    {
        "type": "text",
        "text": "Input $=$ [CLS] the man went to [MASK] store [SEP] he bought a gallon [MAsk] milk [SEP]   \nLabel $=$ IsNext   \nInput $=$ [CLS] the man [MASK] to the store [SEP] penguin [MAsK] are flight ##less birds [SEP]   \nLabel $=$ NotNext ",
        "page_idx": 12
    },
    {
        "type": "text",
        "text": "A.2 Pre-training Procedure ",
        "text_level": 1,
        "page_idx": 12
    },
    {
        "type": "text",
        "text": "To generate each training input sequence, we sample two spans of text from the corpus, which we refer to as \"sentences\" even though they are typically much longer than single sentences (but can be shorter also). The first sentence receives the A embedding and the second receives the B embedding. $50\\%$ of the time $_\\mathrm{B}$ is the actual next sentence. that follows $\\mathtt{A}$ and $50\\%$ of the time it is a random. sentence, which is done for the \"next sentence prediction' task. They are sampled such that the combined length is $\\leq512$ tokens. The LM masking is. applied after WordPiece tokenization with a uniform masking rate of $15\\%$ , and no special consid-. eration given to partial word pieces. ",
        "page_idx": 12
    },
    {
        "type": "text",
        "text": "We train with batch size of 256 sequences (256 sequences $*~512$ tokens $=128{,}000$ tokens/batch) for 1,000,000 steps, which is approximately 40 epochs over the 3.3 billion word corpus. We use Adam with learning rate of 1e-4, $\\beta_{1}~=~0.9$ $\\beta_{2}~=~0.999$ , L2 weight decay of 0.01, learning rate warmup over the first 10,000 steps, and linear decay of the learning rate. We use a dropout prob-. ability of 0.1 on all layers. We use a gelu acti-. vation (Hendrycks and Gimpel, 2016) rather than the standard re1u, following OpenAI GPT. The training loss is the sum of the mean masked LM likelihood and the mean next sentence prediction. likelihood. ",
        "page_idx": 12
    },
    {
        "type": "text",
        "text": "",
        "page_idx": 12
    },
    {
        "type": "text",
        "text": "Training of BERTBAsE was performed on 4 Cloud TPUs in Pod configuration (16 TPU chips total).13 Training of BERTLARGE was performed on 16 Cloud TPUs (64 TPU chips total). Each pretraining took 4 days to complete. ",
        "page_idx": 12
    },
    {
        "type": "text",
        "text": "Longer sequences are disproportionately expensive because attention is quadratic to the sequence length. To speed up pretraing in our experiments, we pre-train the model with sequence length of 128 for $90\\%$ of the steps. Then, we train the rest. $10\\%$ of the steps of sequence of 512 to learn the. positional embeddings. ",
        "page_idx": 12
    },
    {
        "type": "text",
        "text": "A.3 Fine-tuning Procedure ",
        "text_level": 1,
        "page_idx": 12
    },
    {
        "type": "text",
        "text": "For fine-tuning, most model hyperparameters are the same as in pre-training, with the exception of the batch size, learning rate, and number of training epochs. The dropout probability was always kept at O.1. The optimal hyperparameter values are task-specific, but we found the following range of possible values to work well across all tasks: ",
        "page_idx": 12
    },
    {
        "type": "text",
        "text": ": Batch size: 16, 32 ",
        "page_idx": 12
    },
    {
        "type": "text",
        "text": ": Learning rate (Adam): 5e-5, 3e-5, 2e-5 : Number of epochs: 2, 3, 4 ",
        "text_level": 1,
        "page_idx": 13
    },
    {
        "type": "text",
        "text": "We also observed that large data sets (e.g., $100\\mathrm{k}+$ labeled training examples) were far less sensitive to hyperparameter choice than small data sets. Fine-tuning is typically very fast, so it is reasonable to simply run an exhaustive search over the above parameters and choose the model that performs best on the development set. ",
        "page_idx": 13
    },
    {
        "type": "text",
        "text": "A.4 Comparison of BERT, ELMo ,and OpenAI GPT ",
        "text_level": 1,
        "page_idx": 13
    },
    {
        "type": "text",
        "text": "Here we studies the differences in recent popular representation learning models including ELMo, OpenAI GPT and BERT. The comparisons between the model architectures are shown visually in Figure 3. Note that in addition to the architec-. ture differences, BERT and OpenAI GPT are finetuning approaches, while ELMo is a feature-based approach. ",
        "page_idx": 13
    },
    {
        "type": "text",
        "text": "The most comparable existing pre-training. method to BERT is OpenAI GPT, which trains a left-to-right Transformer LM on a large text corpus. In fact, many of the design decisions in BERT were intentionally made to make it as close to GPT as possible so that the two methods could be minimally compared. The core argument of this work is that the bi-directionality and the two pretraining tasks presented in Section 3.1 account for the majority of the empirical improvements, but we do note that there are several other differences between how BERT and GPT were trained: ",
        "page_idx": 13
    },
    {
        "type": "text",
        "text": ": GPT is trained on the BooksCorpus (800M words); BERT is trained on the BooksCorpus (800M words) and Wikipedia (2,500M words).   \n: GPT uses a sentence separator ([SEP]) and classifier token ([CLS]) which are only introduced at fine-tuning time; BERT learns [SEP], [CLS] and sentence A/B embeddings during pre-training.   \n: GPT was trained for 1M steps with a batch size of 32,000 words; BERT was trained for 1M steps with a batch size of 128,000 words.   \n: GPT used the same learning rate of 5e-5 for all fine-tuning experiments; BERT chooses a task-specific fine-tuning learning rate which performs the best on the development set. ",
        "page_idx": 13
    },
    {
        "type": "text",
        "text": "To isolate the effect of these differences, we perform ablation experiments in Section 5.1 which demonstrate that the majority of the improvements are in fact coming from the two pre-training tasks and the bidirectionality they enable. ",
        "page_idx": 13
    },
    {
        "type": "text",
        "text": "A.5 Illustrations of Fine-tuning on Different Tasks ",
        "text_level": 1,
        "page_idx": 13
    },
    {
        "type": "text",
        "text": "The illustration of fine-tuning BERT on different tasks can be seen in Figure 4. Our task-specific models are formed by incorporating BERT with one additional output layer, so a minimal number of parameters need to be learned from scratch. Among the tasks, (a) and (b) are sequence-level tasks while (c) and (d) are token-level tasks. In the figure, $E$ represents the input embedding,. $T_{i}$ represents the contextual representation of token $i$ [CLS] is the special symbol for classification output, and [SEP] is the special symbol to separate non-consecutive token sequences.. ",
        "page_idx": 13
    },
    {
        "type": "text",
        "text": "B Detailed Experimental Setup ",
        "text_level": 1,
        "page_idx": 13
    },
    {
        "type": "text",
        "text": "B.1 Detailed Descriptions for the GLUE Benchmark Experiments. ",
        "text_level": 1,
        "page_idx": 13
    },
    {
        "type": "text",
        "text": "Our GLUE results in Table1 are obtained from https://gluebenchmark.com/ leaderboard and https://blog. openai.com/language-unsupervised. The GLUE benchmark includes the following. datasets, the descriptions of which were originally. summarized in Wang et al. (2018a): ",
        "page_idx": 13
    },
    {
        "type": "text",
        "text": "MNLI  Multi-Genre Natural Language Inference is a large-scale, crowdsourced entailment classification task (Williams et al., 2018). Given a pair of sentences, the goal is to predict whether the second sentence is an entailment, contradiction, or neutral with respect to the first one. ",
        "page_idx": 13
    },
    {
        "type": "text",
        "text": "QQP  Quora Question Pairs is a binary classification task where the goal is to determine if two questions asked on Quora are semantically equivalent (Chen et al., 2018). ",
        "page_idx": 13
    },
    {
        "type": "text",
        "text": "QNLI Question Natural Language Inference is a version of the Stanford Question Answering. Dataset (Rajpurkar et al., 2016) which has been converted to a binary classification task (Wang. et al., 2018a). The positive examples are (question, sentence) pairs which do contain the correct answer, and the negative examples are (question, sentence) from the same paragraph which do not contain the answer. ",
        "page_idx": 13
    },
    {
        "type": "image",
        "img_path": "images/536dea082ab56636eec864835bd5768061c322da38e2859377869adc39e3be11.jpg",
        "img_caption": [
            "Figure 4: Illustrations of Fine-tuning BERT on Different Tasks. "
        ],
        "img_footnote": [],
        "page_idx": 14
    },
    {
        "type": "text",
        "text": "SST-2 The Stanford Sentiment Treebank is a. binary single-sentence classification task consist-. ing of sentences extracted from movie reviews with human annotations of their sentiment (Socher et al., 2013). ",
        "page_idx": 14
    },
    {
        "type": "text",
        "text": "CoLA The Corpus of Linguistic Acceptability is. a binary single-sentence classification task, where the goal is to predict whether an English sentence is linguistically \"acceptable\" or not (Warstadt et al., 2018). ",
        "page_idx": 14
    },
    {
        "type": "text",
        "text": "STS-B The Semantic Textual Similarity Bench-.   \nmark is a collection of sentence pairs drawn from.   \nnews headlines and other sources (Cer et al., 2017). They were annotated with a score from 1.   \nto 5 denoting how similar the two sentences are in.   \nterms of semantic meaning. ",
        "page_idx": 14
    },
    {
        "type": "text",
        "text": "MRPC Microsoft Research Paraphrase Corpus consists of sentence pairs automatically extracted from online news sources, with human annotations for whether the sentences in the pair are semantically equivalent (Dolan and Brockett, 2005). ",
        "page_idx": 14
    },
    {
        "type": "text",
        "text": "",
        "page_idx": 14
    },
    {
        "type": "text",
        "text": "RTE Recognizing Textual Entailment is a binary entailment task similar to MNLI, but with much less training data (Bentivogli et al., 2009).14 ",
        "page_idx": 14
    },
    {
        "type": "text",
        "text": "WNLI Winograd NLI is a small natural language inference dataset (Levesque et al., 2011). The GLUE webpage notes that there are issues with the construction of this dataset, 15 and every trained system that's been submitted to GLUE has performed worse than the 65.1 baseline accuracy. of predicting the majority class. We therefore exclude this set to be fair to OpenAI GPT. For our GLUE submission, we always predicted the ma-. ",
        "page_idx": 14
    },
    {
        "type": "text",
        "text": "jority class. ",
        "page_idx": 15
    },
    {
        "type": "text",
        "text": "C Additional Ablation Studies ",
        "text_level": 1,
        "page_idx": 15
    },
    {
        "type": "text",
        "text": "C.1 Effect of Number of Training Steps ",
        "text_level": 1,
        "page_idx": 15
    },
    {
        "type": "text",
        "text": "Figure 5 presents MNLI Dev accuracy after finetuning from a checkpoint that has been pre-trained for $k$ steps. This allows us to answer the following questions: ",
        "page_idx": 15
    },
    {
        "type": "text",
        "text": "1. Question:  Does BERT really need such a large amount of pre-training (128,000 words/batch $\\*_{\\cdot}1,000,000$ steps) to achieve high fine-tuning accuracy? Answer: Yes, BERTBAsE achieves almost $1.0\\%$ additional accuracy on MNLI when trained on 1M steps compared to $500\\mathrm{k}$ steps.   \n2. Question: Does MLM pre-training converge slower than LTR pre-training, since only $15\\%$ of words are predicted in each batch rather than every word? Answer: The MLM model does converge slightly slower than the LTR model. However, in terms of absolute accuracy the MLM model begins to outperform the LTR model almost immediately. ",
        "page_idx": 15
    },
    {
        "type": "text",
        "text": "C.2 Ablation for Different Masking Procedures ",
        "text_level": 1,
        "page_idx": 15
    },
    {
        "type": "text",
        "text": "In Section 3.1, we mention that BERT uses a mixed strategy for masking the target tokens when pre-training with the masked language model (MLM) objective. The following is an ablation study to evaluate the effect of different masking strategies. ",
        "page_idx": 15
    },
    {
        "type": "image",
        "img_path": "images/c06ce32b5d78a50f3e05a06ac9fabcebd0c026b9b95a82bebafa608081f6a70a.jpg",
        "img_caption": [
            "Figure 5: Ablation over number of training steps. This shows the MNLI accuracy after fine-tuning, starting. from model parameters that have been pre-trained for $k$ steps. The $\\mathbf{X}$ -axis is the value of. $k$ "
        ],
        "img_footnote": [],
        "page_idx": 15
    },
    {
        "type": "text",
        "text": "Note that the purpose of the masking strategies is to reduce the mismatch between pre-training. and fine-tuning, as the [MASK] symbol never appears during the fine-tuning stage. We report the. Dev results for both MNLI and NER. For NER, we report both fine-tuning and feature-based approaches, as we expect the mismatch will be amplified for the feature-based approach as the model. will not have the chance to adjust the representations. ",
        "page_idx": 15
    },
    {
        "type": "table",
        "img_path": "images/d6e3e6854c71c215dcf2447db340526c85f86933842b68f18e76d08e463321de.jpg",
        "table_caption": [
            "Table 8: Ablation over different masking strategies. "
        ],
        "table_footnote": [],
        "table_body": "\n\n<html><body><table><tr><td colspan=\"3\">Masking Rates</td><td colspan=\"3\">DevSetResults</td></tr><tr><td>MASK</td><td>SAME</td><td>RND</td><td>MNLI Fine-tune</td><td>Fine-tune</td><td>NER Feature-based</td></tr><tr><td>80%</td><td>10%</td><td>10%</td><td>84.2</td><td>95.4</td><td>94.9</td></tr><tr><td>100%</td><td>0%</td><td>0%</td><td>84.3</td><td>94.9</td><td>94.0</td></tr><tr><td>80%</td><td>0%</td><td>20%</td><td>84.1</td><td>95.2</td><td>94.6</td></tr><tr><td>80%</td><td>20%</td><td>0%</td><td>84.4</td><td>95.2</td><td>94.7</td></tr><tr><td>0%</td><td>20%</td><td>80%</td><td>83.7</td><td>94.8</td><td>94.6</td></tr><tr><td>0%</td><td>0%</td><td>100%</td><td>83.6</td><td>94.9</td><td>94.6</td></tr></table></body></html>\n\n",
        "page_idx": 15
    },
    {
        "type": "text",
        "text": "The results are presented in Table 8. In the table, MAsK means that we replace the target token with the [MASK] symbol for MLM; SAME means that we keep the target token as is; RND means that we replace the target token with another random token. ",
        "page_idx": 15
    },
    {
        "type": "text",
        "text": "The numbers in the left part of the table represent the probabilities of the specific strategies used during MLM pre-training (BERT uses $80\\%$ $10\\%$ $10\\%$ . The right part of the paper represents the Dev set results. For the feature-based approach, we concatenate the last 4 layers of BERT as the features, which was shown to be the best approach in Section 5.3. ",
        "page_idx": 15
    },
    {
        "type": "text",
        "text": "From the table it can be seen that fine-tuning is surprisingly robust to different masking strategies. However, as expected, using only the MAsK strategy was problematic when applying the featurebased approach to NER. Interestingly, using only the RND strategy performs much worse than our strategy as well. ",
        "page_idx": 15
    }
]