[
    {
        "type": "text",
        "text": "Provided proper attribution is provided, Google hereby grants permission to. reproduce the tables and figures in this paper solely for use in journalistic or scholarly works. ",
        "page_idx": 0
    },
    {
        "type": "text",
        "text": "Attention Is All You Need ",
        "text_level": 1,
        "page_idx": 0
    },
    {
        "type": "text",
        "text": "Ashish Vaswani\\* Google Brain avaswani@google. com ",
        "page_idx": 0
    },
    {
        "type": "text",
        "text": "Noam Shazeer\\* Google Brain noam@google.com ",
        "page_idx": 0
    },
    {
        "type": "text",
        "text": "Niki Parmar\\* Google Research nikip@google.com ",
        "page_idx": 0
    },
    {
        "type": "text",
        "text": "Jakob Uszkoreit\\* Google Research usz@google.com ",
        "page_idx": 0
    },
    {
        "type": "text",
        "text": "Llion Jones\\* Google Research 1lion@google.com ",
        "page_idx": 0
    },
    {
        "type": "text",
        "text": "Aidan N. Gomez\\* + University of Toronto. aidan@cs.toronto.edu ",
        "page_idx": 0
    },
    {
        "type": "text",
        "text": "Lukasz Kaiser\\* Google Brain lukaszkaiser@google.com ",
        "page_idx": 0
    },
    {
        "type": "text",
        "text": "Illia Polosukhin\\* illia.polosukhin@gmail.com ",
        "page_idx": 0
    },
    {
        "type": "text",
        "text": "Abstract ",
        "text_level": 1,
        "page_idx": 0
    },
    {
        "type": "text",
        "text": "The dominant sequence transduction models are based on complex recurrent or convolutional neural networks that include an encoder and a decoder. The best performing models also connect the encoder and decoder through an attention mechanism. We propose a new simple network architecture, the Transformer, based solely on attention mechanisms, dispensing with recurrence and convolutions entirely. Experiments on two machine translation tasks show these models to be superior in quality while being more parallelizable and requiring significantly less time to train. Our model achieves 28.4 BLEU on the WMT 2014 English-. to-German translation task, improving over the existing best results, including ensembles, by over 2 BLEU. On the WMT 2014 English-to-French translation task, our model establishes a new single-model state-of-the-art BLEU score of 41.8 after training for 3.5 days on eight GPUs, a small fraction of the training costs of the best models from the literature. We show that the Transformer generalizes well to. other tasks by applying it successfully to English constituency parsing both with. large and limited training data. ",
        "page_idx": 0
    },
    {
        "type": "text",
        "text": "1 Introduction ",
        "text_level": 1,
        "page_idx": 1
    },
    {
        "type": "text",
        "text": "Recurrent neural networks, long short-term memory [13] and gated recurrent [7] neural networks in particular, have been firmly established as state of the art approaches in sequence modeling and transduction problems such as language modeling and machine translation [35, 2, 5]. Numerous efforts have since continued to push the boundaries of recurrent language models and encoder-decoder architectures [38, 24, 15]. ",
        "page_idx": 1
    },
    {
        "type": "text",
        "text": "Recurrent models typically factor computation along the symbol positions of the input and output. sequences. Aligning the positions to steps in computation time, they generate a sequence of hidden states $h_{t}$ , as a function of the previous hidden state $h_{t-1}$ and the input for position $t$ . This inherently sequential nature precludes parallelization within training examples, which becomes critical at longer sequence lengths, as memory constraints limit batching across examples. Recent work has achieved significant improvements in computational efficiency through factorization tricks [21] and conditional computation [32], while also improving model performance in case of the latter. The fundamental constraint of sequential computation, however, remains. ",
        "page_idx": 1
    },
    {
        "type": "text",
        "text": "Attention mechanisms have become an integral part of compelling sequence modeling and transduc-. tion models in various tasks, allowing modeling of dependencies without regard to their distance in the input or output sequences [2, 19]. In all but a few cases [27], however, such attention mechanisms are used in conjunction with a recurrent network.. ",
        "page_idx": 1
    },
    {
        "type": "text",
        "text": "In this work we propose the Transformer, a model architecture eschewing recurrence and instead.   \nrelying entirely on an attention mechanism to draw global dependencies between input and output.   \nThe Transformer allows for significantly more parallelization and can reach a new state of the art in.   \ntranslation quality after being trained for as little as twelve hours on eight P100 GPUs.. ",
        "page_idx": 1
    },
    {
        "type": "text",
        "text": "2 Background ",
        "text_level": 1,
        "page_idx": 1
    },
    {
        "type": "text",
        "text": "The goal of reducing sequential computation also forms the foundation of the Extended Neural GPU [16], ByteNet [18] and ConvS2S [9], all of which use convolutional neural networks as basic building block, computing hidden representations in parallel for all input and output positions. In these models, the number of operations required to relate signals from two arbitrary input or output positions grows in the distance between positions, linearly for ConvS2S and logarithmically for ByteNet. This makes it more difficult to learn dependencies between distant positions [12]. In the Transformer this is reduced to a constant number of operations, albeit at the cost of reduced effective resolution due to averaging attention-weighted positions, an effect we counteract with Multi-Head Attention as described in section 3.2. ",
        "page_idx": 1
    },
    {
        "type": "text",
        "text": "Self-attention, sometimes called intra-attention is an attention mechanism relating different positions. of a single sequence in order to compute a representation of the sequence. Self-attention has been used successfully in a variety of tasks including reading comprehension, abstractive summarization, textual entailment and learning task-independent sentence representations [4, 27, 28, 22]. ",
        "page_idx": 1
    },
    {
        "type": "text",
        "text": "End-to-end memory networks are based on a recurrent attention mechanism instead of sequencealigned recurrence and have been shown to perform well on simple-language question answering and language modeling tasks [34]. ",
        "page_idx": 1
    },
    {
        "type": "text",
        "text": "To the best of our knowledge, however, the Transformer is the first transduction model relying entirely on self-attention to compute representations of its input and output without using sequencealigned RNNs or convolution. In the following sections, we will describe the Transformer, motivate self-attention and discuss its advantages over models such as [17, 18] and [9]. ",
        "page_idx": 1
    },
    {
        "type": "text",
        "text": "3 Model Architecture ",
        "text_level": 1,
        "page_idx": 1
    },
    {
        "type": "text",
        "text": "Most competitive neural sequence transduction models have an encoder-decoder structure [5, 2, 35]. Here, the encoder maps an input sequence of symbol representations $(x_{1},...,x_{n})$ to a sequence of continuous representations $\\mathbf{z}~=~(z_{1},...,z_{n})$ .Given $\\mathbf{z}$ , the decoder then generates an output sequence $\\left(y_{1},...,y_{m}\\right)$ of symbols one element at a time. At each step the model is auto-regressive [10], consuming the previously generated symbols as additional input when generating the next. ",
        "page_idx": 1
    },
    {
        "type": "image",
        "img_path": "images/59e651b959e136f3a8ad27a42d921ff1e4d053792e1b59d6141bdf13f8688acb.jpg",
        "img_caption": [
            "Figure 1: The Transformer - model architecture. "
        ],
        "img_footnote": [],
        "page_idx": 2
    },
    {
        "type": "text",
        "text": "The Transformer follows this overall architecture using stacked self-attention and point-wise, fully connected layers for both the encoder and decoder, shown in the left and right halves of Figure 1, respectively. ",
        "page_idx": 2
    },
    {
        "type": "text",
        "text": "3.1 Encoder and Decoder Stacks ",
        "text_level": 1,
        "page_idx": 2
    },
    {
        "type": "text",
        "text": "Encoder:The encoder is composed of a stack of. $N=6$ identical layers. Each layer has two. sub-layers. The first is a multi-head self-attention mechanism, and the second is a simple, position-. wise fully connected feed-forward network. We employ a residual connection [11] around each of the two sub-layers, followed by layer normalization [1]. That is, the output of each sub-layer is LayerNorm $(x+{\\mathrm{Sublayer}}(x))$ , where Sublayer. $(x)$ is the function implemented by the sub-layer itself. To facilitate these residual connections, all sub-layers in the model, as well as the embedding. layers, produce outputs of dimension. $d_{\\mathrm{model}}=512$ ",
        "page_idx": 2
    },
    {
        "type": "text",
        "text": "Decoder: The decoder is also composed of a stack of $N=6$ identical layers. In addition to the two sub-layers in each encoder layer, the decoder inserts a third sub-layer, which performs multi-head. attention over the output of the encoder stack. Similar to the encoder, we employ residual connections. around each of the sub-layers, followed by layer normalization. We also modify the self-attention sub-layer in the decoder stack to prevent positions from attending to subsequent positions. This masking, combined with fact that the output embeddings are offset by one position, ensures that the predictions for position $i$ can depend only on the known outputs at positions less than $i$ ",
        "page_idx": 2
    },
    {
        "type": "text",
        "text": "3.2 Attention ",
        "text_level": 1,
        "page_idx": 2
    },
    {
        "type": "text",
        "text": "An attention function can be described as mapping a query and a set of key-value pairs to an output.. where the query, keys, values, and output are all vectors. The output is computed as a weighted sum ",
        "page_idx": 2
    },
    {
        "type": "image",
        "img_path": "images/a52e2bbe3aebe185bf210d5dbac39a1e32ab100f19160b5b10b5032960a7e6de.jpg",
        "img_caption": [
            "Figure 2: (left) Scaled Dot-Product Attention. (right) Multi-Head Attention consists of several attention layers running in parallel. "
        ],
        "img_footnote": [],
        "page_idx": 3
    },
    {
        "type": "text",
        "text": "of the values, where the weight assigned to each value is computed by a compatibility function of the query with the corresponding key. ",
        "page_idx": 3
    },
    {
        "type": "text",
        "text": "3.2.1 Scaled Dot-Product Attention ",
        "text_level": 1,
        "page_idx": 3
    },
    {
        "type": "text",
        "text": "We call our particular attention \"Scaled Dot-Product Attention\" (Figure 2). The input consists of queries and keys of dimension. $d_{k}$ , and values of dimension. $d_{v}$ . We compute the dot products of the. query with all keys, divide each by. $\\sqrt{d_{k}}$ , and apply a softmax function to obtain the weights on the values. ",
        "page_idx": 3
    },
    {
        "type": "text",
        "text": "In practice, we compute the attention function on a set of queries simultaneously, packed together into a matrix $Q$ . The keys and values are also packed together into matrices $K$ and $V$ . We compute the matrix of outputs as: ",
        "page_idx": 3
    },
    {
        "type": "equation",
        "text": "$$\n{\\mathrm{Attention}}(Q,K,V)=\\operatorname{softmax}({\\frac{Q K^{T}}{\\sqrt{d_{k}}}})V\n$$",
        "text_format": "latex",
        "page_idx": 3
    },
    {
        "type": "text",
        "text": "The two most commonly used attention functions are additive attention [2], and dot-product (multiplicative) attention. Dot-product attention is identical to our algorithm, except for the scaling factor of $\\frac{1}{\\sqrt{d_{k}}}$ . Additive attention computes the compatibility function using a feed-forward network with a single hidden layer. While the two are similar in theoretical complexity, dot-product attention is much faster and more space-efficient in practice, since it can be implemented using highly optimized matrix multiplication code. ",
        "page_idx": 3
    },
    {
        "type": "text",
        "text": "While for small values of. $d_{k}$ the two mechanisms perform similarly, additive attention outperforms dot product attention without scaling for larger values of. $d_{k}$ [3]. We suspect that for large values of $d_{k}$ , the dot products grow large in magnitude, pushing the softmax function into regions where it has extremely small gradients '. To counteract this ffect, we scale the dot products by. $\\frac{1}{\\sqrt{d_{k}}}$ ",
        "page_idx": 3
    },
    {
        "type": "text",
        "text": "3.2.2 Multi-Head Attention ",
        "text_level": 1,
        "page_idx": 3
    },
    {
        "type": "text",
        "text": "Instead of performing a single attention function with. $d_{\\mathrm{model}}$ -dimensional keys, values and queries, we found it beneficial to linearly project the queries, keys and values. $h$ times with different, learned linear projections to $d_{k}$ $d_{k}$ and $d_{v}$ dimensions, respectively. On each of these projected versions of. queries, keys and values we then perform the attention function in parallel, yielding $d_{v}$ -dimensional output values. These are concatenated and once again projected, resulting in the final values, as depicted in Figure 2. ",
        "page_idx": 3
    },
    {
        "type": "text",
        "text": "",
        "page_idx": 4
    },
    {
        "type": "text",
        "text": "Multi-head attention allows the model to jointly attend to information from different representation.   \nsubspaces at different positions. With a single attention head, averaging inhibits this. ",
        "page_idx": 4
    },
    {
        "type": "equation",
        "text": "$$\n\\begin{array}{r l}&{\\mathrm{MultiHead}(Q,K,V)=\\mathrm{Concat}(\\mathrm{head}_{1},...,\\mathrm{head}_{\\mathrm{h}})W^{O}}\\ &{\\quad\\quad\\quad\\quad\\mathrm{where~head}_{\\mathrm{i}}=\\mathrm{Attention}(Q W_{i}^{Q},K W_{i}^{K},V W_{i}^{V})}\\end{array}\n$$",
        "text_format": "latex",
        "page_idx": 4
    },
    {
        "type": "text",
        "text": "Where the projections are parameter matrices $W_{i}^{Q}\\in\\mathbb{R}^{d_{\\mathrm{model}}\\times d_{k}}$ ,WK E Rdmodet Xde, WV E Rdmode1 Xdy and $W^{O}\\in\\mathbb{R}^{h d_{v}\\times d_{\\mathrm{modcl}}}$ ",
        "page_idx": 4
    },
    {
        "type": "text",
        "text": "In this work we employ $h=8$ parallel attention layers, or heads. For each of these we use. $d_{k}=d_{v}=d_{\\mathrm{model}}/h\\stackrel{.}{=}\\dot{6}4$ . Due to the reduced dimension of each head, the total computational cost is similar to that of single-head attention with full dimensionality.. ",
        "page_idx": 4
    },
    {
        "type": "text",
        "text": "3.2.3 Applications of Attention in our Model ",
        "text_level": 1,
        "page_idx": 4
    },
    {
        "type": "text",
        "text": "The Transformer uses multi-head attention in three different ways: ",
        "page_idx": 4
    },
    {
        "type": "text",
        "text": "In \"encoder-decoder attention\" layers, the queries come from the previous decoder layer,. and the memory keys and values come from the output of the encoder. This allows every. position in the decoder to attend over all positions in the input sequence. This mimics the. typical encoder-decoder attention mechanisms in sequence-to-sequence models such as. [38, 2, 9].   \n: The encoder contains self-attention layers. In a self-attention layer all of the keys, values. and queries come from the same place, in this case, the output of the previous layer in the encoder. Each position in the encoder can attend to all positions in the previous layer of the encoder.   \n: Similarly, self-attention layers in the decoder allow each position in the decoder to attend to all positions in the decoder up to and including that position. We need to prevent leftward. information flow in the decoder to preserve the auto-regressive property. We implement this inside of scaled dot-product attention by masking out (setting to. $-\\infty)$ all values in the input of the softmax which correspond to illegal connections. See Figure 2.. ",
        "page_idx": 4
    },
    {
        "type": "text",
        "text": "3.3Position-wise Feed-Forward Networks ",
        "text_level": 1,
        "page_idx": 4
    },
    {
        "type": "text",
        "text": "In addition to attention sub-layers, each of the layers in our encoder and decoder contains a fully connected feed-forward network, which is applied to each position separately and identically. This consists of two linear transformations with a ReLU activation in between. ",
        "page_idx": 4
    },
    {
        "type": "equation",
        "text": "$$\n\\mathrm{FFN}(x)=\\operatorname*{max}(0,x W_{1}+b_{1})W_{2}+b_{2}\n$$",
        "text_format": "latex",
        "page_idx": 4
    },
    {
        "type": "text",
        "text": "While the linear transformations are the same across different positions, they use different parameters. from layer to layer. Another way of describing this is as two convolutions with kernel size 1. The dimensionality of input and output is $d_{\\mathrm{model}}=512$ , and the inner-layer has dimensionality $d_{f f}=2048$ ",
        "page_idx": 4
    },
    {
        "type": "text",
        "text": "3.4 Embeddings and Softmax ",
        "text_level": 1,
        "page_idx": 4
    },
    {
        "type": "text",
        "text": "Similarly to other sequence transduction models, we use learned embeddings to convert the input tokens and output tokens to vectors of dimension $d_{\\mathrm{model}}$ . We also use the usual learned linear transformation and softmax function to convert the decoder output to predicted next-token probabilities. In our model, we share the same weight matrix between the two embedding layers and the pre-softmax. linear transformation, similar to [30]. In the embedding layers, we multiply those weights by $\\sqrt{d_{\\mathrm{{model}}}}$ ",
        "page_idx": 4
    },
    {
        "type": "table",
        "img_path": "images/5b8b92e06e2b419e6633f1e92213a80cbb16847173340eb21a7a5dcb7d0f4db9.jpg",
        "table_caption": [
            "Table 1: Maximum path lengths, per-layer complexity and minimum number of sequential operations for different layer types. $n$ is the sequence length, $d$ is the representation dimension, $k$ is the kernel size of convolutions and $r$ the size of the neighborhood in restricted self-attention. "
        ],
        "table_footnote": [],
        "table_body": "\n\n<html><body><table><tr><td>Layer Type</td><td>Complexity per Layer</td><td>Sequential Operations</td><td>Maximum Path Length</td></tr><tr><td>Self-Attention</td><td>O(n2 . d)</td><td>0(1)</td><td>0(1)</td></tr><tr><td>Recurrent</td><td>O(n · d2</td><td>O (n</td><td>O(n</td></tr><tr><td>Convolutional</td><td>O(k·n·d2</td><td>0(1)</td><td>((u)4601)0</td></tr><tr><td>Self-Attention (restricted)</td><td>O(r · n · d)</td><td></td><td>O(n/r)</td></tr></table></body></html>\n\n",
        "page_idx": 5
    },
    {
        "type": "text",
        "text": "3.5Positional Encoding ",
        "text_level": 1,
        "page_idx": 5
    },
    {
        "type": "text",
        "text": "Since our model contains no recurrence and no convolution, in order for the model to make use of the order of the sequence, we must inject some information about the relative or absolute position of the tokens in the sequence. To this end, we add \"positional encodings\" to the input embeddings at the bottoms of the encoder and decoder stacks. The positional encodings have the same dimensiond $d_{\\mathrm{model}}$ as the embeddings, so that the two can be summed. There are many choices of positional encodings,. learned and fixed [9]. ",
        "page_idx": 5
    },
    {
        "type": "text",
        "text": "In this work, we use sine and cosine functions of different frequencies: ",
        "page_idx": 5
    },
    {
        "type": "equation",
        "text": "$$\n\\begin{array}{r}{P E_{(p o s,2i)}=s i n(p o s/10000^{2i/d_{\\mathrm{model}}})}\\ {P E_{(p o s,2i+1)}=c o s(p o s/10000^{2i/d_{\\mathrm{model}}})}\\end{array}\n$$",
        "text_format": "latex",
        "page_idx": 5
    },
    {
        "type": "text",
        "text": "where pos is the position and. $i$ is the dimension. That is, each dimension of the positional encoding. corresponds to a sinusoid. The wavelengths form a geometric progression from. $2\\pi$ to $10000\\cdot2\\pi$ We chose this function because we hypothesized it would allow the model to easily learn to attend by relative positions, since for any fixed offset $k$ $P E_{p o s+k}$ can be represented as a linear function of PEpos. ",
        "page_idx": 5
    },
    {
        "type": "text",
        "text": "We also experimented with using learned positional embeddings [9] instead, and found that the two versions produced nearly identical results (see Table 3 row (E)). We chose the sinusoidal version because it may allow the model to extrapolate to sequence lengths longer than the ones encountered during training. ",
        "page_idx": 5
    },
    {
        "type": "text",
        "text": "4 Why Self-Attention ",
        "text_level": 1,
        "page_idx": 5
    },
    {
        "type": "text",
        "text": "In this section we compare various aspects of self-attention layers to the recurrent and convolutional layers commonly used for mapping one variable-length sequence of symbol representations $\\left(x_{1},...,x_{n}\\right)$ to another sequence of equal length $\\left(z_{1},\\ldots,z_{n}\\right)$ , with $x_{i},z_{i}\\in{\\bf\\dot{R}}^{d}$ , such as a hidden layer in a typical sequence transduction encoder or decoder. Motivating our use of self-attention we consider three desiderata. ",
        "page_idx": 5
    },
    {
        "type": "text",
        "text": "One is the total computational complexity per layer. Another is the amount of computation that can be parallelized, as measured by the minimum number of sequential operations required. ",
        "page_idx": 5
    },
    {
        "type": "text",
        "text": "The third is the path length between long-range dependencies in the network. Learning long-range dependencies is a key challenge in many sequence transduction tasks. One key factor affecting the ability to learn such dependencies is the length of the paths forward and backward signals have to traverse in the network. The shorter these paths between any combination of positions in the input and output sequences, the easier it is to learn long-range dependencies [12]. Hence we also compare the maximum path length between any two input and output positions in networks composed of the different layer types. ",
        "page_idx": 5
    },
    {
        "type": "text",
        "text": "As noted in Table 1, a self-attention layer connects all positions with a constant number of sequentially. executed operations, whereas a recurrent layer requires. $O(n)$ sequential operations. In terms of. computational complexity, self-attention layers are faster than recurrent layers when the sequence length $n$ is smaller than the representation dimensionality $d$ , which is most often the case with sentence representations used by state-of-the-art models in machine translations, such as word-piece. [38] and byte-pair [31] representations. To improve computational performance for tasks involving very long sequences, self-attention could be restricted to considering only a neighborhood of size. $r$ in the input sequence centered around the respective output position. This would increase the maximum. path length to $O(n/r)$ . We plan to investigate this approach further in future work. ",
        "page_idx": 5
    },
    {
        "type": "text",
        "text": "",
        "page_idx": 6
    },
    {
        "type": "text",
        "text": "A single convolutional layer with kernel width $k<n$ does not connect all pairs of input and output positions. Doing so requires a stack of $O(n/k)$ convolutional layers in the case of contiguous kernels, or $O(l o g_{k}(n))$ in the case of dilated convolutions [18], increasing the length of the longest paths between any two positions in the network. Convolutional layers are generally more expensive than recurrent layers, by a factor of. $k$ . Separable convolutions [6], however, decrease the complexity considerably, to ${\\dot{O(k\\cdot n\\cdot d+n\\cdot d^{2})}}$ . Even with $k=n$ , however, the complexity of a separable convolution is equal to the combination of a self-attention layer and a point-wise feed-forward layer, the approach we take in our model. ",
        "page_idx": 6
    },
    {
        "type": "text",
        "text": "As side benefit, self-attention could yield more interpretable models. We inspect attention distributions from our models and present and discuss examples in the appendix. Not only do individual attention. heads clearly learn to perform different tasks, many appear to exhibit behavior related to the syntactic. and semantic structure of the sentences. ",
        "page_idx": 6
    },
    {
        "type": "text",
        "text": "5 Training ",
        "text_level": 1,
        "page_idx": 6
    },
    {
        "type": "text",
        "text": "This section describes the training regime for our models. ",
        "page_idx": 6
    },
    {
        "type": "text",
        "text": "5.1 Training Data and Batching ",
        "text_level": 1,
        "page_idx": 6
    },
    {
        "type": "text",
        "text": "We trained on the standard WMT 2014 English-German dataset consisting of about 4.5 million sentence pairs. Sentences were encoded using byte-pair encoding [3], which has a shared sourcetarget vocabulary of about 37000 tokens. For English-French, we used the significantly larger WMT 2014 English-French dataset consisting of 36M sentences and split tokens into a 32000 word-piece vocabulary [38]. Sentence pairs were batched together by approximate sequence length. Each training batch contained a set of sentence pairs containing approximately 25000 source tokens and 25000 target tokens. ",
        "page_idx": 6
    },
    {
        "type": "text",
        "text": "5.2Hardware and Schedule ",
        "text_level": 1,
        "page_idx": 6
    },
    {
        "type": "text",
        "text": "We trained our models on one machine with 8 NVIDIA P100 GPUs. For our base models using the hyperparameters described throughout the paper, each training step took about O.4 seconds. We trained the base models for a total of 100,o00 steps or 12 hours. For our big models,(described on the bottom line of table 3), step time was 1.0 seconds. The big models were trained for 300,000 steps (3.5 days). ",
        "page_idx": 6
    },
    {
        "type": "text",
        "text": "5.3Optimizer ",
        "text_level": 1,
        "page_idx": 6
    },
    {
        "type": "text",
        "text": "We used the Adam optimizer [20] with $\\beta_{1}=0.9$ $\\beta_{2}=0.98$ and $\\epsilon=10^{-9}$ . We varied the learning rate over the course of training, according to the formula: ",
        "page_idx": 6
    },
    {
        "type": "equation",
        "text": "$$\nl r a t e=d_{\\mathrm{model}}^{-0.5}\\cdot\\operatorname*{min}(s t e p_{-}n u m^{-0.5},s t e p_{-}n u m\\cdot w a r m u p_{-}s t e p s^{-1.5})\n$$",
        "text_format": "latex",
        "page_idx": 6
    },
    {
        "type": "text",
        "text": "This corresponds to increasing the learning rate linearly for the first warmup_steps training steps, and decreasing it thereafter proportionally to the inverse square root of the step number. We used $w a r m u p\\_s t e p s=4000$ ",
        "page_idx": 6
    },
    {
        "type": "text",
        "text": "5.4 Regularization ",
        "text_level": 1,
        "page_idx": 6
    },
    {
        "type": "text",
        "text": "We employ three types of regularization during training: ",
        "page_idx": 6
    },
    {
        "type": "table",
        "img_path": "images/8364c1e910bcee4cd7020c2822ee3ffd9def42175c6325f7ac92d5cfc6119cd7.jpg",
        "table_caption": [
            "Table 2: The Transformer achieves better BLEU scores than previous state-of-the-art models on the English-to-German and English-to-French newstest2014 tests at a fraction of the training cost.. "
        ],
        "table_footnote": [],
        "table_body": "\n\n<html><body><table><tr><td rowspan=\"2\">Model</td><td colspan=\"2\">BLEU</td><td colspan=\"2\">Training Cost (FLOPs)</td></tr><tr><td>EN-DE</td><td>EN-FR</td><td>EN-DE</td><td>EN-FR</td></tr><tr><td>ByteNet [18]</td><td>23.75</td><td></td><td></td><td></td></tr><tr><td>Deep-Att+ PosUnk[39]</td><td></td><td>39.2</td><td></td><td>1.0 ·1020</td></tr><tr><td>GNMT + RL [38]</td><td>24.6</td><td>39.92</td><td>2.3·1019</td><td>1.4 ·1020</td></tr><tr><td>ConvS2S [9]</td><td>25.16</td><td>40.46</td><td>9.6 · 1018</td><td>1.5·1020</td></tr><tr><td>MoE [32]</td><td>26.03</td><td>40.56</td><td>2.0·1019</td><td>1.2·1020</td></tr><tr><td>Deep-Att + PosUnk Ensemble [39]</td><td></td><td>40.4</td><td></td><td>8.0 · 1020</td></tr><tr><td>GNMT + RL Ensemble [38]</td><td>26.30</td><td>41.16</td><td>1.8· 1020</td><td>1.1·1021</td></tr><tr><td>ConvS2SEnsemble[9]</td><td>26.36</td><td>41.29</td><td>7.7· 1019</td><td>1.2·1021</td></tr><tr><td>Transformer (base model)</td><td>27.3</td><td>38.1</td><td>3.3·1018</td><td></td></tr><tr><td>Transformer (big)</td><td>28.4</td><td>41.8</td><td>2.3.1019</td><td></td></tr></table></body></html>\n\n",
        "page_idx": 7
    },
    {
        "type": "text",
        "text": "Residual Dropout We apply dropout [33] to the output of each sub-layer, before it is added to the sub-layer input and normalized. In addition, we apply dropout to the sums of the embeddings and the. positional encodings in both the encoder and decoder stacks. For the base model, we use a rate of $P_{d r o p}=0.1$ ",
        "page_idx": 7
    },
    {
        "type": "text",
        "text": "Label Smoothing During training, we employed label smoothing of value. $\\epsilon_{l s}=0.1$ [36]. This hurts perplexity, as the model learns to be more unsure, but improves accuracy and BLEU score. ",
        "page_idx": 7
    },
    {
        "type": "text",
        "text": "6 Results ",
        "text_level": 1,
        "page_idx": 7
    },
    {
        "type": "text",
        "text": "6.1 Machine Translation ",
        "text_level": 1,
        "page_idx": 7
    },
    {
        "type": "text",
        "text": "On the WMT 2014 English-to-German translation task, the big transformer model (Transformer (big) in Table 2) outperforms the best previously reported models (including ensembles) by more than 2.0 BLEU, establishing a new state-of-the-art BLEU score of 28.4. The configuration of this model is listed in the bottom line of Table 3. Training took 3.5 days on 8 P100 GPUs. Even our base model surpasses all previously published models and ensembles, at a fraction of the training cost of any of the competitive models. ",
        "page_idx": 7
    },
    {
        "type": "text",
        "text": "On the WMT 2014 English-to-French translation task, our big model achieves a BLEU score of 41.0, outperforming all of the previously published single models, at less than $1/4$ the training cost of the previous state-of-the-art model. The Transformer (big) model trained for English-to-French used dropout rate $P_{d r o p}=0.1$ , instead of 0.3. ",
        "page_idx": 7
    },
    {
        "type": "text",
        "text": "For the base models, we used a single model obtained by averaging the last 5 checkpoints, which were written at 10-minute intervals. For the big models, we averaged the last 20 checkpoints. We used beam search with a beam size of 4 and length penalty $\\alpha=0.6$ [38]. These hyperparameters were chosen after experimentation on the development set. We set the maximum output length during inference to input length $+~50$ , but terminate early when possible [38]. ",
        "page_idx": 7
    },
    {
        "type": "text",
        "text": "Table 2 summarizes our results and compares our translation quality and training costs to other model architectures from the literature. We estimate the number of floating point operations used to train a model by multiplying the training time, the number of GPUs used, and an estimate of the sustained single-precision floating-point capacity of each GPU 5. ",
        "page_idx": 7
    },
    {
        "type": "text",
        "text": "6.2 Model Variations ",
        "text_level": 1,
        "page_idx": 7
    },
    {
        "type": "text",
        "text": "To evaluate the importance of different components of the Transformer, we varied our base model in different ways, measuring the change in performance on English-to-German translation on the development set, newstest2013. We used beam search as described in the previous section, but no checkpoint averaging. We present these results in Table 3.. ",
        "page_idx": 7
    },
    {
        "type": "table",
        "img_path": "images/7140a9db57d746e263c588559b792c93e515b0d6a7e435a72ecbc34520d61a3f.jpg",
        "table_caption": [
            "Table 3: Variations on the Transformer architecture. Unlisted values are identical to those of the base model. All metrics are on the English-to-German translation development set, newstest2013. Listed. perplexities are per-wordpiece, according to our byte-pair encoding, and should not be compared to. per-word perplexities. "
        ],
        "table_footnote": [],
        "table_body": "\n\n<html><body><table><tr><td rowspan=\"2\"></td><td rowspan=\"2\">N dmodel</td><td rowspan=\"2\">dff</td><td rowspan=\"2\">h</td><td rowspan=\"2\">dk</td><td rowspan=\"2\">dv</td><td rowspan=\"2\">Pdrop</td><td rowspan=\"2\">Els</td><td rowspan=\"2\">train steps</td><td rowspan=\"2\">PPL (dev)</td><td rowspan=\"2\">BLEU (dev)</td><td rowspan=\"2\">params ×106</td></tr><tr><td></td></tr><tr><td>base</td><td>6</td><td>512</td><td>2048</td><td>8</td><td>64</td><td>64</td><td>0.1 0.1</td><td>100K</td><td>4.92</td><td></td><td>25.8</td><td>65</td></tr><tr><td rowspan=\"3\">(A)</td><td></td><td></td><td>1</td><td>512</td><td>512</td><td></td><td></td><td></td><td>5.29</td><td></td><td>24.9</td><td></td></tr><tr><td></td><td></td><td></td><td>4</td><td>128</td><td>128</td><td></td><td></td><td></td><td>5.00</td><td>25.5</td><td></td></tr><tr><td></td><td></td><td>16 32</td><td>32 16</td><td>32 16</td><td></td><td></td><td></td><td>4.91 5.01</td><td></td><td>25.8</td><td></td></tr><tr><td>(B)</td><td></td><td></td><td></td><td></td><td>16</td><td></td><td></td><td></td><td></td><td>5.16 5.01</td><td>25.4 25.1</td><td>58</td></tr><tr><td rowspan=\"4\">(C)</td><td>2 4</td><td></td><td></td><td>32</td><td></td><td></td><td></td><td></td><td>6.11</td><td></td><td>25.4 23.7</td><td>60 36</td></tr><tr><td rowspan=\"4\">8</td><td></td><td></td><td></td><td></td><td></td><td></td><td></td><td></td><td>5.19</td><td>25.3</td><td>50</td></tr><tr><td>256</td><td></td><td></td><td>32</td><td>32</td><td></td><td></td><td></td><td>4.88 5.75</td><td>25.5 24.5</td><td>80</td></tr><tr><td>1024</td><td></td><td></td><td>128</td><td>128</td><td></td><td></td><td></td><td>4.66</td><td>26.0</td><td>28 168</td></tr><tr><td></td><td>1024</td><td></td><td></td><td></td><td></td><td></td><td></td><td>5.12</td><td>25.4</td><td>53</td></tr><tr><td rowspan=\"3\">(D)</td><td></td><td>4096</td><td></td><td></td><td></td><td></td><td></td><td></td><td>4.75</td><td></td><td>26.2</td><td>90</td></tr><tr><td></td><td></td><td></td><td></td><td></td><td></td><td>0.0</td><td></td><td></td><td>5.77</td><td>24.6</td><td></td></tr><tr><td></td><td></td><td></td><td></td><td></td><td>0.2</td><td></td><td></td><td>4.95</td><td>25.5</td><td></td><td></td></tr><tr><td rowspan=\"2\">(E)</td><td></td><td></td><td></td><td></td><td></td><td></td><td></td><td>0.0 0.2</td><td></td><td>4.67</td><td>25.3</td><td></td></tr><tr><td colspan=\"4\">positional embedding instead of sinusoids</td><td></td><td></td><td></td><td></td><td>5.47</td><td>25.7</td><td></td></tr><tr><td>big</td><td>6</td><td>1024 4096</td><td></td><td>16</td><td></td><td></td><td>0.3</td><td>300K</td><td></td><td>4.92 4.33</td><td>25.7 26.4</td><td>213</td></tr></table></body></html>\n\n",
        "page_idx": 8
    },
    {
        "type": "text",
        "text": "",
        "page_idx": 8
    },
    {
        "type": "text",
        "text": "In Table 3 rows (A), we vary the number of attention heads and the attention key and value dimensions, keeping the amount of computation constant, as described in Section 3.2.2. While single-head attention is 0.9 BLEU worse than the best setting, quality also drops off with too many heads.. ",
        "page_idx": 8
    },
    {
        "type": "text",
        "text": "In Table 3 rows (B), we observe that reducing the attention key size. $d_{k}$ hurts model quality. This. suggests that determining compatibility is not easy and that a more sophisticated compatibility function than dot product may be beneficial. We further observe in rows (C) and (D) that, as expected, bigger models are better, and dropout is very helpful in avoiding over-fitting. In row (E) we replace our. sinusoidal positional encoding with learned positional embeddings [9], and observe nearly identical. results to the base model. ",
        "page_idx": 8
    },
    {
        "type": "text",
        "text": "6.3 English Constituency Parsing ",
        "text_level": 1,
        "page_idx": 8
    },
    {
        "type": "text",
        "text": "To evaluate if the Transformer can generalize to other tasks we performed experiments on English. constituency parsing. This task presents specific challenges: the output is subject to strong structural constraints and is significantly longer than the input. Furthermore, RNN sequence-to-sequence. models have not been able to attain state-of-the-art results in small-data regimes [37]. ",
        "page_idx": 8
    },
    {
        "type": "text",
        "text": "We trained a 4-layer transformer with $d_{m o d e l}=1024$ on the Wall Street Journal (WSJ) portion of thee Penn Treebank [25], about 40K training sentences. We also trained it in a semi-supervised setting,. using the larger high-confidence and BerkleyParser corpora from with approximately 17M sentences [37]. We used a vocabulary of 16K tokens for the WSJ only setting and a vocabulary of 32K tokens for the semi-supervised setting. ",
        "page_idx": 8
    },
    {
        "type": "text",
        "text": "We performed only a small number of experiments to select the dropout, both attention and residual (section 5.4), learning rates and beam size on the Section 22 development set, all other parameters remained unchanged from the English-to-German base translation model. During inference, we increased the maximum output length to input length $+300$ . We used a beam size of 21 and $\\alpha=0.3$ for both WSJ only and the semi-supervised setting. ",
        "page_idx": 8
    },
    {
        "type": "table",
        "img_path": "images/c46aed2a114c45b4eb1dac847ecbde16a70c03473dd3d936862ee5fab2cdeafa.jpg",
        "table_caption": [
            "Table 4: The Transformer generalizes well to English constituency parsing (Results are on Section 23 of WSJ) "
        ],
        "table_footnote": [],
        "table_body": "\n\n<html><body><table><tr><td>Parser</td><td>Training</td><td>WSJ23F1</td></tr><tr><td>Vinyals & Kaiser el al.(2014)[37] Petrov et al. (2006) [29]</td><td>WSJ only,discriminative WSJ only, discriminative</td><td>88.3 90.4</td></tr><tr><td>Zhu et al. (2013) [40]</td><td>WSJ only,discriminative</td><td>90.4</td></tr><tr><td>Dyer et al.(2016) [8] Transformer (4 layers)</td><td>WSJ only,discriminative</td><td>91.7</td></tr><tr><td>Zhu et al. (2013) [40]</td><td>WSJ only,discriminative</td><td>91.3</td></tr><tr><td></td><td>semi-supervised</td><td>91.3</td></tr><tr><td>Huang & Harper(2009)[14]</td><td>semi-supervised</td><td>91.3</td></tr><tr><td>McClosky et al.(2006) [26]</td><td>semi-supervised</td><td>92.1</td></tr><tr><td>Vinyals & Kaiser el al.(2014)[37]</td><td>semi-supervised</td><td>92.1</td></tr><tr><td>Transformer (4 layers)</td><td>semi-supervised</td><td>92.7</td></tr><tr><td>Luong et al. (2015) [23]</td><td>multi-task</td><td>93.0</td></tr><tr><td>Dyer et al. (2016) [8]</td><td>generative</td><td>93.3</td></tr></table></body></html>\n\n",
        "page_idx": 9
    },
    {
        "type": "text",
        "text": "",
        "page_idx": 9
    },
    {
        "type": "text",
        "text": "Our results in Table 4 show that despite the lack of task-specific tuning our model performs sur-. prisingly well, yielding better results than all previously reported models with the exception of the Recurrent Neural Network Grammar [8]. ",
        "page_idx": 9
    },
    {
        "type": "text",
        "text": "In contrast to RNN sequence-to-sequence models [37], the Transformer outperforms the Berkeley.   \nParser [29] even when training only on the WSJ training set of 40K sentences. ",
        "page_idx": 9
    },
    {
        "type": "text",
        "text": "7 Conclusion ",
        "text_level": 1,
        "page_idx": 9
    },
    {
        "type": "text",
        "text": "In this work, we presented the Transformer, the first sequence transduction model based entirely on attention, replacing the recurrent layers most commonly used in encoder-decoder architectures with multi-headed self-attention. ",
        "page_idx": 9
    },
    {
        "type": "text",
        "text": "For translation tasks, the Transformer can be trained significantly faster than architectures based on recurrent or convolutional layers. On both WMT 2014 English-to-German and WMT 2014 English-to-French translation tasks, we achieve a new state of the art. In the former task our best. model outperforms even all previously reported ensembles. ",
        "page_idx": 9
    },
    {
        "type": "text",
        "text": "We are excited about the future of attention-based models and plan to apply them to other tasks. We plan to extend the Transformer to problems involving input and output modalities other than text and to investigate local, restricted attention mechanisms to efficiently handle large inputs and outputs such as images, audio and video. Making generation less sequential is another research goals of ours. ",
        "page_idx": 9
    },
    {
        "type": "text",
        "text": "The code we used to train and evaluate our models is available at https://github.com/ tensorflow/tensor2tensor. ",
        "page_idx": 9
    },
    {
        "type": "text",
        "text": "Acknowledgements We are grateful to Nal Kalchbrenner and Stephan Gouws for their fruitful comments, corrections and inspiration. ",
        "page_idx": 9
    },
    {
        "type": "text",
        "text": "References ",
        "text_level": 1,
        "page_idx": 9
    },
    {
        "type": "text",
        "text": "[1] Jimmy Lei Ba, Jamie Ryan Kiros, and Geoffrey E Hinton. Layer normalization. arXiv preprint arXiv:1607.06450, 2016.   \n[2] Dzmitry Bahdanau, Kyunghyun Cho, and Yoshua Bengio. Neural machine translation by jointly learning to align and translate. CoRR, abs/1409.0473, 2014.   \n[3] Denny Britz, Anna Goldie, Minh-Thang Luong, and Quoc V. Le. Massive exploration of neural machine translation architectures. CoRR, abs/1703.03906, 2017.   \n[4] Jianpeng Cheng, Li Dong, and Mirella Lapata. Long short-term memory-networks for machine reading. arXiv preprint arXiv:1601.06733, 2016. [5] Kyunghyun Cho, Bart van Merrienboer, Caglar Gulcehre, Fethi Bougares, Holger Schwenk, and Yoshua Bengio. Learning phrase representations using rnn encoder-decoder for statistical machine translation. CoRR, abs/1406.1078, 2014.   \n[6] Francois Chollet. Xception: Deep learning with depthwise separable convolutions. arXiv preprint arXiv:1610.02357, 2016.   \n[7] Junyoung Chung, Caglar Gulgehre, Kyunghyun Cho, and Yoshua Bengio. Empirical evaluation of gated recurrent neural networks on sequence modeling. CoRR, abs/1412.3555, 2014.   \n[8] Chris Dyer, Adhiguna Kuncoro, Miguel Ballesteros, and Noah A. Smith. Recurrent neural network grammars. In Proc. of NAACL, 2016.   \n[9] Jonas Gehring, Michael Auli, David Grangier, Denis Yarats, and Yann N. Dauphin. Convolutional sequence to sequence learning. arXiv preprint arXiv:1705.03122v2, 2017.   \n[10] Alex Graves...Generating sequences with recurrent neural networks. arXiv preprint arXiv:1308.0850, 2013.   \n[11] Kaiming He, Xiangyu Zhang, Shaoqing Ren, and Jian Sun. Deep residual learning for image recognition. In Proceedings of the IEEE Conference on Computer Vision and Pattern Recognition, pages 770-778, 2016.   \n[12] Sepp Hochreiter, Yoshua Bengio, Paolo Frasconi, and Jurgen Schmidhuber. Gradient flow in recurrent nets: the difficulty of learning long-term dependencies, 2001.   \n[13] Sepp Hochreiter and Jurgen Schmidhuber. Long short-term memory. Neural computation, 9(8):1735-1780, 1997.   \n[14] Zhongqiang Huang and Mary Harper. Self-training PCFG grammars with latent annotations across languages. In Proceedings of the 2009 Conference on Empirical Methods in Natural Language Processing, pages 832-841. ACL, August 2009.   \n[15] Rafal Jozefowicz, Oriol Vinyals, Mike Schuster, Noam Shazeer, and Yonghui Wu. Exploring the limits of language modeling. arXiv preprint arXiv:1602.02410, 2016.   \n[16] Lukasz Kaiser and Samy Bengio. Can active memory replace attention? In Advances in Neural Information Processing Systems, (NIPS), 2016.   \n[17] Lukasz Kaiser and Ilya Sutskever. Neural GPUs learn algorithms. In International Conference on Learning Representations (ICLR), 2016.   \n[18] Nal Kalchbrenner, Lasse Espeholt, Karen Simonyan, Aaron van den Oord, Alex Graves, and Koray Kavukcuoglu. Neural machine translation in linear time. arXiv preprint arXiv:1610. 10099v2, 2017.   \n[19] Yoon Kim, Carl Denton, Luong Hoang, and Alexander M. Rush. Structured attention networks. In International Conference on Learning Representations, 2017.   \n[20] Diederik Kingma and Jimmy Ba. Adam: A method for stochastic optimization. In ICLR, 2015.   \n[21] Oleksii Kuchaiev and Boris Ginsburg. Factorization tricks for LSTM networks. arXiv preprint arXiv:1703.10722, 2017.   \n[22] Zhouhan Lin, Minwei Feng, Cicero Nogueira dos Santos, Mo Yu, Bing Xiang, Bowen Zhou, and Yoshua Bengio. A structured self-attentive sentence embedding. arXiv preprint arXiv:1703.03130, 2017.   \n[23] Minh-Thang Luong, Quoc V. Le, Ilya Sutskever, Oriol Vinyals, and Lukasz Kaiser. Multi-task sequence to sequence learning. arXiv preprint arXiv:1511.06114, 2015.   \n[24] Minh-Thang Luong, Hieu Pham, and Christopher D Manning. Effective approaches to attentionbased neural machine translation. arXiv preprint arXiv:1508.04025, 2015.   \n[25] Mitchell P Marcus, Mary Ann Marcinkiewicz, and Beatrice Santorini. Building a large annotated corpus of english: The penn treebank. Computational linguistics, 19(2):313-330, 1993.   \n[26] David McClosky, Eugene Charniak, and Mark Johnson. Effective self-training for parsing. In Proceedings of the Human Language Technology Conference of the NAACL, Main Conference, pages 152-159. ACL, June 2006.   \n[27] Ankur Parikh, Oscar Tackstrom, Dipanjan Das, and Jakob Uszkoreit. A decomposable attention model. In Empirical Methods in Natural Language Processing, 2016..   \n[28] Romain Paulus, Caiming Xiong, and Richard Socher. A deep reinforced model for abstractive summarization. arXiv preprint arXiv:1705.04304, 2017.   \n[29] Slav Petrov, Leon Barrett, Romain Thibaux, and Dan Klein. Learning accurate, compact, and interpretable tree annotation. In Proceedings of the 21st International Conference on Computational Linguistics and 44th Annual Meeting of the ACL, pages 433-440. ACL, July 2006.   \n[30] Ofir Press and Lior Wolf. Using the output embedding to improve language models. arXiv preprint arXiv:1608.05859, 2016.   \n[31] Rico Sennrich, Barry Haddow, and Alexandra Birch. Neural machine translation of rare words with subword units. arXiv preprint arXiv:1508.07909, 2015.   \n[32] Noam Shazeer, Azalia Mirhoseini, Krzysztof Maziarz, Andy Davis, Quoc Le, Geoffrey Hinton, and Jeff Dean. Outrageously large neural networks: The sparsely-gated mixture-of-experts layer. arXiv preprint arXiv:1701.06538, 2017.   \n[33] Nitish Srivastava, Geoffrey E Hinton, Alex Krizhevsky, Ilya Sutskever, and Ruslan Salakhutdinov. Dropout: a simple way to prevent neural networks from overfitting. Journal of Machine Learning Research, 15(1):1929-1958, 2014.   \n[34] Sainbayar Sukhbaatar, Arthur Szlam, Jason Weston, and Rob Fergus. End-to-end memory networks. In C. Cortes, N. D. Lawrence, D. D. Lee, M. Sugiyama, and R. Garnett, editors, Advances in Neural Information Processing Systems 28, pages 2440-2448. Curran Associates, Inc., 2015.   \n[35] Ilya Sutskever, Oriol Vinyals, and Quoc VV Le. Sequence to sequence learning with neural networks. In Advances in Neural Information Processing Systems, pages 3104-3112, 2014.   \n[36] Christian Szegedy, Vincent Vanhoucke, Sergey Ioffe, Jonathon Shlens, and Zbigniew Wojna. Rethinking the inception architecture for computer vision. CoRR, abs/1512.00567, 2015.   \n[37] Vinyals & Kaiser, Koo, Petrov, Sutskever, and Hinton. Grammar as a foreign language. In Advances in Neural Information Processing Systems, 2015.   \n[38] Yonghui Wu, Mike Schuster, Zhifeng Chen, Quoc V Le, Mohammad Norouzi, Wolfgang Macherey, Maxim Krikun, Yuan Cao, Qin Gao, Klaus Macherey, et al. Google's neural machine translation system: Bridging the gap between human and machine translation. arXiv preprint arXiv:1609.08144, 2016.   \n[39] Jie Zhou, Ying Cao, Xuguang Wang, Peng Li, and Wei Xu. Deep recurrent models with. fast-forward connections for neural machine translation. CoRR, abs/1606.04199, 2016.   \n[40] Muhua Zhu, Yue Zhang, Wenliang Chen, Min Zhang, and Jingbo Zhu. Fast and accurate shift-reduce constituent parsing. In Proceedings of the 51st Annual Meeting of the ACL (Volume. 1: Long Papers), pages 434 443. ACL, August 2013. ",
        "page_idx": 9
    },
    {
        "type": "text",
        "text": "",
        "page_idx": 10
    },
    {
        "type": "text",
        "text": "",
        "page_idx": 11
    },
    {
        "type": "text",
        "text": "Attention Visualizations ",
        "text_level": 1,
        "page_idx": 12
    },
    {
        "type": "image",
        "img_path": "images/fb3fe1840a6da3681e9ed115731fdef8444dd6cfc2f5979b4ce94b1c2a269cf2.jpg",
        "img_caption": [
            "Figure 3: An example of the attention mechanism following long-distance dependencies in the encoder self-attention in layer 5 of 6. Many of the attention heads attend to a distant dependency of the verb 'making', completing the phrase 'making...more difficult'. Attentions here shown only for the word 'making'. Different colors represent different heads. Best viewed in color.. "
        ],
        "img_footnote": [],
        "page_idx": 12
    },
    {
        "type": "image",
        "img_path": "images/e8d9a21175ba49479621c5025ca51e11c46a9c2ae9d5f2717d9c5ea0b120a2ea.jpg",
        "img_caption": [
            "Figure 4: Two attention heads, also in layer 5 of 6, apparently involved in anaphora resolution. Top: Full attentions for head 5. Bottom: Isolated attentions from just the word its' for attention heads 5 and 6. Note that the attentions are very sharp for this word. "
        ],
        "img_footnote": [],
        "page_idx": 13
    },
    {
        "type": "image",
        "img_path": "images/5d4e6d78011233d5a3edc7855a2d51cb0284ed89156d01a5a96746d2eb861328.jpg",
        "img_caption": [
            "Figure 5: Many of the attention heads exhibit behaviour that seems related to the structure of the sentence. We give two such examples above, from two different heads from the encoder self-attention at layer 5 of 6. The heads clearly learned to perform different tasks.. "
        ],
        "img_footnote": [],
        "page_idx": 14
    }
]